Mes,11020,11023,11025,11035,11036,11040,11045,11055,11095,11099,11143,11153,11157,11162,14114,14369,11049,11159,14076,14083,14084,14123,14157,14320
1982-03-01,0,0.1,0,0.5,0,0,0.2,0,0.5,0,0,1.7,5.6,1,0,0,2.2,0.1,0,0,0,2.2,2.8,0
1982-04-01,12.2,29.6,18.6,9,11.3,17.4,36.2,33,12.1,11.6,26.9,15,20.3,4.4,20.5,12.7,17.8,18.8,11.3,5,9.5,23.3,27.1,10.7
1982-05-01,32.1,16.3,41.1,21,41.6,28.3,31.1,35,43.8,70.5,74.4,0,19.7,43.4,17.3,70.6,71.9,20.7,78.2,9.8,54,37.2,32.5,40
1982-06-01,23.4,61,40.5,23.5,15.7,19.3,36.4,95.6,53.6,57.5,47.8,120.6,13,36.3,8,53.1,30.9,102.2,52.3,1.4,6.5,26.9,93.4,3.5
1982-07-01,128.3,113,180,121,132.6,147.2,218,129.2,184.1,203.3,162.6,5.3,159.5,106.5,96,223,142.4,142.3,203.4,24.5,170.5,118.3,119.9,153.4
1982-08-01,75.1,69.7,71.7,112,162.4,50.4,50,78.9,69.6,80.8,94.1,37,108.5,73.6,26.3,230.6,43,73.4,173.1,25.4,33,104.4,159.2,29.5
1982-09-01,10.5,19,38.9,34.5,82.7,11.4,24,22.1,12.4,21.7,53.7,8.3,33,43.5,37.4,17,38.2,15.2,53.1,10.2,45.5,37.5,70.5,40.5
1982-10-01,26.7,53.5,37.8,43,53.9,72.5,87,27.9,33.4,50.1,89.3,14.1,75.3,23.6,39,19,24,57.5,21.4,0,43,53.5,83.1,39.7
1982-11-01,43,29.3,43.7,26,26.5,55.5,NaN,32,43.3,30.6,34.4,43.1,30.5,42.5,32,NaN,48.6,26.5,51.4,7.5,50,37,35.5,40
1982-12-01,24,28.2,28.8,26,15.3,28.2,0,23,26.5,21.6,39.7,19.5,42.5,28,29.2,23.5,26.5,26.1,22.5,2.7,50.5,24,26.3,28.9
1983-01-01,21.3,20.7,38.2,14,5.7,25.4,30,23.4,33.2,10.7,33.3,0,28.9,21.7,37.9,20.6,43.5,25.5,14.9,2.9,23.5,50.7,20.3,24.6
1983-02-01,0,1,0,2.5,3,2,3,0,0.5,7.7,8,3,0,1,0,0.5,5,0.5,3.2,10,0,0,0,0
1983-03-01,0,0,0,0,0.4,0,0,0,0,4,6.9,0,0,0,0,0,4,0,3.1,0.2,0.5,0,0,0.7
1983-04-01,0,0,0,0,0,0,0,0,0,0,0,0,0,0,0,0,0,0,0,0,0,0,0,0
1983-05-01,29.4,26.9,38.5,32,42.2,36.1,51,40.4,28.2,45.5,22,85.1,39,85.4,54.5,39.1,60,40.4,52.4,8.6,45.5,39.2,37,59.6
1983-06-01,71.4,57.4,65.5,110.5,141.7,74.6,76,50.3,72.4,43.1,84.4,122.9,64,80.5,37.5,101.2,52,69.4,131.1,17.7,73,91.5,99.2,38.7
1983-07-01,148.6,174.5,170.2,140.5,233.7,134.5,155.4,158.4,132.4,312.3,258,163.1,223.9,128.1,126.7,238,156,136.7,NaN,28.7,184.2,295.3,222.7,196.2
1983-08-01,58.3,102.6,97.1,157.1,87.7,49.5,80.6,73.4,92.6,105.3,130.9,117.7,47.4,72.9,111.5,302.5,103.6,110.9,NaN,39.8,213.8,215.2,109.1,133.2
1983-09-01,132.1,177.9,177.6,171,148.4,151.6,143.5,135.6,151.7,230.5,176.1,133.3,152.5,105.5,60.8,244.9,84.4,154.9,199,32.4,119.4,126.6,72.2,117.2
1983-10-01,19.7,13.7,17.5,33,10,15.6,16.2,16.1,22.6,78.7,23,22.2,8.8,23.9,13.6,6.5,53.2,10.8,34,6.2,35.9,32.8,12,32.5
1983-11-01,33.1,0.2,52.2,23,27.3,47.5,40.4,48.2,40,17.1,27.7,28.8,13.8,53.3,12.4,4,32.5,30.8,17,4.2,28.5,15.8,20.7,49.1
1983-12-01,3,0.9,1.5,2,1.6,4.1,4,0,3.5,1.2,5.8,7.6,0,1.5,0,0,0.2,0,0,0,0,0,0,0
1984-01-01,13.7,16.9,25.3,13,13.7,15.2,25,24.8,13.8,16.9,10,18.4,4.8,20.5,26.5,23.5,33.6,23.6,NaN,1.4,18.7,15.4,12.5,16.4
1984-02-01,22.8,8.5,10.5,6,5.5,16.1,12,12.4,17,21.2,16.3,11.5,3.7,10.6,15.8,0,18,11.2,NaN,2.2,8,24.3,28.7,8
1984-03-01,0,2.5,0,0,0,0,0,0,0,0,0,0,0,0,0,0,0,1.2,1,0.3,0,0,0.5,0.2
1984-04-01,0,0,0,0,0,0,0,0,0,0,0,0,0,0,0,0,0.2,0,0,0,0,0,0,0.7
1984-05-01,11,30.9,21.3,22.5,32.1,20,20,36.5,10.4,22.4,17,4.6,45.1,47.7,24,16.2,33.3,34.1,42,1.8,47,NaN,14.3,16.8
1984-06-01,82.7,144.5,194.8,120.7,256.1,104,121.6,153.3,113.1,192.5,128.8,127,208.8,137.2,86.8,210.5,120,114.5,257.9,25.5,135.2,146.7,103.6,254.8
1984-07-01,171.3,212,223.1,155.8,160.5,197,206.4,188.5,255.3,181.5,210,198.7,126.4,196.3,169.9,169.5,234.8,215.2,204.5,22.8,221.8,167.2,179.8,170.7
1984-08-01,116.2,55,114.4,96.4,40.9,156,153.9,54.9,89.1,84.9,83.2,142.2,131.9,102.3,115.1,134,133.1,58.1,124,12.7,63.8,126.4,90.3,79.2
1984-09-01,50.4,48.6,56.2,39.8,32.8,45.6,47,56.1,47.2,95.7,101.2,37.7,95.3,23.8,13,150.5,45.3,55.9,88.5,10.2,52.7,90.6,55.2,47.7
1984-10-01,5.1,47.4,25.8,22.4,8.2,5.9,21,42.2,14,26,49.7,13.1,30.8,10.5,20.7,29.5,31,24.2,41,14.8,65.7,57.9,30,32
1984-11-01,0,0,0,0,2.2,0,0,0,0,0,0,0,0,0,7,0,0,0,0,0,0.7,0,1.2,2.1
1984-12-01,1.8,2,11.9,2.5,2.3,5.7,8,1.1,1.6,1,14.8,3.2,2.4,3,11,2,24.9,2.3,4,0.4,1.3,4.5,0.4,2.9
1985-01-01,1.7,0,7.5,0,0,2.9,6,0,1.2,0,0,1.2,0,0.5,1.5,0,2,0.1,0,0,2,0,0,2.2
1985-02-01,1,0.8,0,0,0,1.2,10,1.5,1.8,7.2,0,2,0,0,0,0.5,10.2,1.5,2,0,0.4,5.4,0,0
1985-03-01,3.5,3.3,0,7,0,3.4,0,0,3.2,0.8,15.5,6.7,5.3,6.5,0,0,0,2.6,5.5,0.6,1.2,12.5,0,4.2
1985-04-01,3.4,16.5,2,6,11.5,3.1,9.3,12.3,4.8,3,0,8.9,8.3,14.3,16.9,5.5,15.1,15.2,1.5,5.3,23,8.6,13.5,13.1
1985-05-01,28.4,14.2,15.9,16,27.2,12.5,51.1,23.3,8.6,54.5,25.5,23.2,27.4,53.5,16.4,9,69.1,24.9,17.5,1.6,17.3,24,14.6,7.9
1985-06-01,161,211.9,204.6,151.5,151,168.7,177.9,195.8,205.6,177.1,251.3,271.3,210.8,154.6,134.8,221,266.5,215.6,288.3,35.3,196.3,214.5,158.5,262.7
1985-07-01,97.1,137,114.5,117.1,102.8,94,99.6,159.5,131,113.2,179.8,105.4,126.4,152.5,68.2,126.5,109.4,137.5,191.5,29.7,136.7,115.3,93.2,149.1
1985-08-01,65.5,123.6,97.8,142.7,106.2,80.9,128.6,96.7,90.5,242.8,166.2,95.3,131.9,121.5,117.4,NaN,85.9,132.4,242,14.1,90.7,117,87.1,75.7
1985-09-01,94.8,73.5,79.6,26.5,64.7,98.4,87.8,84.9,96.2,62.5,66.9,73.7,72.3,95.5,31,NaN,40.4,76.5,139,24.8,89.3,180.6,97.1,68.5
1985-10-01,40.2,44.7,65.6,65.7,69.6,48.5,58.8,63.2,45.1,75.3,53.8,NaN,30.7,39.7,68,55.5,NaN,46.4,103,20.9,45.9,88.5,73.6,33
1985-11-01,4.3,5.1,19.3,8.5,17.2,7.8,10,0,7.3,4.2,9.9,4.2,0,6.5,5.7,NaN,NaN,6,22.5,0,2.3,6.5,8.4,5.3
1985-12-01,3.5,4.7,2,4.5,0,2.7,8.1,0,5.4,0,3,0,2.4,4,15.5,NaN,0.7,5.9,3,5.3,12.6,6,8.2,5.7
1986-01-01,0,0,0,0,0,0,0,0,0,0,0,0,0,0,0,NaN,0,0,0,0,0,0,0,0
1986-02-01,0,0.5,0,0,5.5,0,0,0.8,0,6.7,9,4.2,0,0,2.5,NaN,18,0.9,4.5,0,4,0,0,3.4
1986-03-01,0,0,0,0,0,0,0,0,0,0,0,0,0,0,0,0,0,0,0,0,0,0,0,0
1986-04-01,2.4,11.9,3.5,0,0,2.2,8,9.8,2,8.1,6,3,0,0.3,1.5,0,25.5,4.5,1,1.2,0,0,3,2.2
1986-05-01,45.4,55.2,33.5,49,2,36.9,42,54,54.5,34.2,0,66,52.5,34,13,67.6,29.7,44.5,89,6.1,8.7,0,10.2,4.2
1986-06-01,218.4,261.7,246,289.6,248.8,206.2,358.8,215.5,203.1,169.8,271,260.6,410.3,246.3,193.3,256.8,271.8,222.5,178.6,48.1,163.9,163.3,250.4,193.1
1986-07-01,101.6,94.8,161,123.5,162.9,132.6,82.3,120.8,109.4,97.2,79.5,82.7,104.9,114.3,83.1,194.9,106.9,92,194.1,13.3,70,225,214.2,77.1
1986-08-01,110.4,59.7,103.5,55.5,67.9,109,74.6,65.6,129.3,71.6,59.7,103,101.2,122.7,13.8,86.8,39.4,45.9,72.7,27.5,109.8,40.9,51.5,79
1986-09-01,95.5,166.8,118.3,159.7,152.6,73.9,147.4,129.8,112.4,177.9,205.2,146,241.7,108,60.5,128.1,115.5,115.9,210.4,35.5,159.2,126.9,129.2,136.3
1986-10-01,73.4,48.2,55.8,45.1,95.8,89.6,55.8,55.3,51.6,NaN,116.1,20.5,153,62.8,26,88.3,79.5,43.1,209,25.7,44,58.2,58.2,71.4
1986-11-01,32.7,20.6,37.3,4.9,18.4,31.3,40.4,0,31.1,8.3,0,34,3,48,14,13,29.5,18.1,24.5,4.7,25.5,6,6,35.5
1986-12-01,0,NaN,0,0,0,0,0,0,0.8,0,0,0,0,0.5,0,0,0,0.6,0.5,0,0,0,0,0
1987-01-01,11,10.6,16.2,12.5,9.1,12.8,27,8.5,10.7,2.5,3,10,0,0.5,19,18,21,9.3,16,0.3,18.8,0,NaN,16.9
1987-02-01,7.9,10,10,5.5,4.6,10.1,15.2,10.8,7,4.4,0,NaN,NaN,5,17.5,2.1,18,7.5,13,2.9,17.1,4.9,NaN,11.3
1987-03-01,0.5,0.7,6.2,0,0,1.2,0,NaN,0.2,0,0,2,NaN,0.5,0,0.5,1.7,0,0,0.3,1.2,0,0,0.7
1987-04-01,1.9,2.9,12.7,4.5,0.5,15.9,21,NaN,10.5,2.8,0,14.1,0,35,9,1,23.1,5.2,0,5,17.6,0,11.3,11.3
1987-05-01,15,5.3,13.5,14.8,10,18.9,19.7,NaN,14.6,12.9,4.6,17.2,12.9,15.7,37,19.8,15.6,16,8,5.2,32.3,24,0,27.1
1987-06-01,56.1,51.8,51.7,31.5,55.2,86.8,72.9,NaN,72.2,67.1,26,62.7,44,71.2,53.1,86.7,157.7,48.8,97,8.6,45.2,4.3,22.9,78.4
1987-07-01,66.1,123.4,81.8,NaN,301.3,186.5,NaN,NaN,215.1,221.4,131.7,197.1,221.7,319,77.3,215.6,189.7,167.1,205,52.1,221.6,144.3,134.5,160.2
1987-08-01,36.1,NaN,92.7,47.2,110.4,137.3,104.5,NaN,129.5,109.4,71.8,115.3,31.8,76.3,102.5,182.3,66.6,99.9,101.5,72.4,105.9,84,76.2,143.5
1987-09-01,27.7,92.1,43.2,39.4,28.6,131.2,169.7,NaN,116.7,140.1,116,113.3,84.2,95,65,13.8,70.5,0,84.2,61.4,99.1,44.7,NaN,103.3
1987-10-01,0,0,0,0,0,0,0,NaN,0,0,13.6,3,0,0,0,0.8,0.2,0,0,0,0,0,NaN,0
1987-11-01,7.7,7.1,8,2,1,7.7,10,9.4,13.3,1.7,3,4,0,1.5,21.5,7.7,14,7.4,8,0.6,1.5,6.7,1,3.1
1987-12-01,0,0,0,0,0,0,0,0.8,0,0,1,0,0,0,NaN,0,0.8,0.2,1,0,0.3,0.2,NaN,2.2
1988-01-01,0.8,1.5,1.3,5.5,9.3,2.8,5,2.2,1.8,9.3,11,2,5,4,NaN,1.2,6.8,4.3,14,3.5,5.5,0.2,NaN,1.5
1988-02-01,0,0,0,0,0,0,0,0,0,0,0.2,48.4,0,7,0,0,0.2,0,2.5,0,0,0,NaN,0
1988-03-01,17.8,9,0,9.9,21.2,50.4,41.1,52.3,40.9,36.2,23,4,22.1,40.5,21.5,21,60.3,36.2,42,3.3,24.9,26.8,NaN,28.8
1988-04-01,11.6,1.4,NaN,2.5,0.8,5.3,0,0.9,0.2,2.4,0,2,0,0,5,0,14.9,1.3,0,3.8,4.5,0,NaN,2.1
1988-05-01,5.3,0.7,0,0,2,3.8,3,1.4,0,0.2,1,8,7.4,2,0,0,17.8,0.2,10.5,6.7,8,0.3,NaN,20.4
1988-06-01,47.3,56.8,42.5,63,44.7,58.2,53.1,43.8,18.4,59.1,73.2,32.2,53.9,118,82.2,119.6,33.8,43.3,111,0.4,66.6,154.8,56.8,38
1988-07-01,160.9,268.9,175.6,134.2,120,289.9,236.2,312.7,263.9,198.8,192.6,190.4,200,155.5,123.8,256.8,181.9,256,225.5,91.9,195.4,191.6,298.5,252.8
1988-08-01,119.7,169.2,97.6,97.3,224.5,232.6,207.6,205.3,211.2,205.2,170.1,291.6,223.7,332.1,180.6,232.8,210.8,138.8,225,30.7,223.1,183.1,185.5,259.3
1988-09-01,53.2,55.2,24,62,65.8,58.9,76.8,56.6,82.2,35.1,47.5,20,13.3,58.5,66,35.7,41.3,73.4,67.5,13.4,33,95.7,68,56
1988-10-01,6.3,11.4,8.3,4.5,4.3,4.4,21.7,52.4,1.4,41.3,18.3,5,0,0,16.8,27.3,30.5,22.4,59.5,4.8,5.4,24.4,3.8,3.2
1988-11-01,2.8,0.7,0,1,3,1.4,0,2.6,1.8,0,1,2,0,0,2,0,3.2,0.6,0,0,0.2,1.5,0,0.3
1988-12-01,8.4,1,2.5,1.5,0,15.1,0,0.6,4.8,0,0,4,0,0,0,0,13.5,0.5,0,0.1,0.3,0,0,4.7
1989-01-01,0,0,0,0,0,0,0,0,0,0,0,0,0,0,0,0.5,1,0,3,0,0,0,0,0
1989-02-01,0,5,0,1.5,3,0,0,1.6,1.7,0.5,0,7,0,0,0,1,0,0,2.5,0.2,1.3,1.7,0.3,2.5
1989-03-01,0,0,0,0,0,0,0,0.4,0,0,0,0,NaN,0,0,0,0,0,0,0,0,0,0,0
1989-04-01,13.4,0,6,0,7.3,22.6,14.7,0.8,16.2,1.7,0,3,0,0,0,0,14.8,1.3,3,1,4.2,4.5,0,14.8
1989-05-01,2.3,3.6,6,2,2,4.5,14,0.5,3.6,0,11,4,0,0,23.9,0,4.5,1.1,27.5,0,0,0,0,0.3
1989-06-01,31.1,64,23.2,74,25.3,101.4,53.4,46.5,30.9,59.7,88.1,40,41,40,24,95.6,102,61.4,81.5,5,15.8,97.6,23.5,10.9
1989-07-01,96.8,116.9,44.6,143,169.4,73.4,67.5,137.7,103.1,NaN,27.7,103,88.6,107.4,48.2,246.1,92.6,120.5,247.5,24,102,151.9,138.8,111.6
1989-08-01,139.9,197.2,169.6,181.5,171.2,232.6,237.5,202,306.6,NaN,168.7,171.3,177.9,202,102.7,264.2,236.5,166.8,209,32.2,186.5,173.9,172.3,184.6
1989-09-01,33.5,70.1,30.3,47,106.1,47.4,57.1,85.5,64.8,74.7,46.4,39.8,44.8,58.9,4,66.8,39,68.6,111.7,NaN,77.5,71.7,58,90.1
1989-10-01,2.8,0,8,13,43.2,6.5,0,0.3,1.3,29.9,0,5,0,0,8,24.7,9,0,82.5,NaN,15.6,11.1,NaN,9.7
1989-11-01,4.4,0.9,6.5,1,0,0,9,0,6.6,0,1,3.3,0,3,18.5,10.2,3.8,1.8,6,NaN,4.7,1.7,NaN,4.9
1989-12-01,18.8,19.1,25,14,12.8,20.6,11.3,17.2,18.9,18.4,11.3,19.8,18.3,14.3,50,7.8,37.4,16.3,28.5,NaN,29.2,15.6,NaN,23.2
1990-01-01,3,3.7,2.5,4.5,10.8,4.5,6.7,3.6,2.5,5.7,0,7.9,NaN,4,3.5,33.7,6.8,4.2,8.5,2.4,5.1,5.4,NaN,6
1990-02-01,8.3,10.1,11.5,5.5,8.4,9.9,11.2,9.1,6.1,12.4,0,17.2,0,0,29.3,10.7,13,11.4,8,3.8,18.3,9,NaN,33.8
1990-03-01,0.9,1.3,0,1.5,0,0,0,7.5,1.6,12,NaN,0,0,0,5.8,1.5,0.8,6.4,0,0,4,1.1,0,2
1990-04-01,1.7,5.2,0,2,0,2.2,0,7.7,1,0,46.3,0,0,1,2,0,10,7.7,0,0.3,1.8,4.7,0,0
1990-05-01,26.2,NaN,76.8,27.5,84.4,53.8,6.7,29.5,47.1,96.5,129.7,79.6,20.5,38.8,47,83.3,67,32.8,45.5,7.1,33,84.9,NaN,38.8
1990-06-01,46.1,NaN,NaN,23.9,109.9,88.9,NaN,87.3,67.6,200.3,169.7,161.9,117.3,86,36.3,130.5,44.4,89.4,103,15.6,104.7,95.2,NaN,102.3
1990-07-01,116.9,NaN,146.9,120.6,241.1,207.3,160.6,270.4,160.5,218.3,86.4,211.4,164.6,160.4,232,232.9,171.1,152.7,173.3,67.4,206.8,245.8,NaN,160.1
1990-08-01,38,NaN,188.2,195.9,198.7,207.3,167.5,245,210.6,139.9,181.4,162,NaN,188.4,147.9,126.9,181.8,183.8,255,58.1,260.4,236.7,182.1,251.8
1990-09-01,40.1,NaN,66.2,97.7,74.4,119,191,93.3,158.8,144.6,77.7,102,NaN,132.6,24.5,57.6,85.9,123.4,100,25.4,62.1,92.8,131.3,62.6
1990-10-01,17.8,76.6,114.9,52.6,113.1,138.7,140.1,51.9,166.3,NaN,82.1,103.5,NaN,155.4,51.3,103.6,138,59.9,142.5,29.9,77.4,75.3,79,131.8
1990-11-01,0,0,0,0,0,0,0,0,0,0,7,0,NaN,2,0,2.7,0,0,0,0,0,0,0,0
1990-12-01,0,0,0,0,0,0,0,0,0,NaN,0,0,NaN,0,0,0,0,0.1,0,0,0,0,0,0
1991-01-01,0,0,4.2,2,0,1.3,0,3.5,0,NaN,0.5,2,NaN,0,5,0,0,2.1,NaN,0.6,3.3,0,NaN,8.1
1991-02-01,8.9,8.1,0,4.5,0,17.7,0,10.2,7.7,0,21,12.2,NaN,2,12.8,5.6,12,4.2,NaN,3.8,2.6,0,23.4,2.8
1991-03-01,0,0,0,0,NaN,0,0,0,0,0,0,0,0,0,0,0,0,0,NaN,0,0,0,0,0
1991-04-01,0,0,0,0,0,0,0,0,0,NaN,32,0,0,0,0,0,0,0,NaN,0,0,0,NaN,0
1991-05-01,0,3.2,0,0,0,0,0,1.5,0.9,0.2,66.2,0,0,0,0,0.5,5.8,2,NaN,0,0,0,NaN,0
1991-06-01,25.4,101.2,65,95,82,52.8,39.9,37.1,48.5,116.7,126.2,113,85.2,100.6,NaN,422.5,179.9,52,NaN,24.8,64.3,60.4,NaN,70.6
1991-07-01,103.7,284.5,249.7,276.7,405.4,316.3,280.9,318,376.4,NaN,306.4,436.5,404.8,335.7,63.4,332,415.7,232.3,NaN,50.8,277.3,247.3,NaN,333.5
1991-08-01,26,132.5,72,122.1,74.3,144.9,43.9,149.6,90.4,NaN,53.2,62,NaN,73.3,40,225.8,62.1,165.1,NaN,36.1,60,93.2,NaN,55.2
1991-09-01,28.3,97.5,128.5,125,109.6,139.3,135.2,113.2,102.9,121.3,112.4,131,156.6,92.8,170.7,NaN,102.5,99.5,NaN,25.5,126.8,82.1,NaN,130.3
1991-10-01,11.1,12.9,12,6,6.1,12.6,18,13.5,9.3,43.7,86,7,0,6,25.8,NaN,24,27.9,NaN,0.2,1.2,0,NaN,0
1991-11-01,8.3,3.4,0,14.5,4.8,8.5,0,10.3,13.8,NaN,15.9,8,3,0.5,0,NaN,8.1,3.7,NaN,1.9,2.1,2.2,NaN,12.8
1991-12-01,4.2,14.1,26,19.5,2.6,4.9,8.3,8.8,19.9,NaN,34.8,13,NaN,16.3,20.8,0,24.2,14,NaN,4.6,33.3,15,NaN,29
1992-01-01,124.2,145.7,166,120.8,101.7,105.3,132,145.2,142.3,NaN,21.8,135,NaN,143.8,NaN,160.1,212.1,140.8,NaN,15.7,180.7,171.2,147.8,160.8
1992-02-01,11.8,15.7,28,18,13.9,15,15,17.4,21.3,NaN,26.3,24.5,NaN,13.9,0,NaN,23.6,15.8,NaN,1.3,9.5,16.2,NaN,17.4
1992-03-01,3.5,2.3,0,4.5,4.2,3.9,0,1.1,3.3,NaN,11.7,0,NaN,1,4,1.3,7.6,1.5,NaN,0.3,1.5,0,NaN,4.4
1992-04-01,7.2,NaN,19.5,5,0,8.6,0,4.9,17.4,NaN,38.8,18,NaN,19,18,6.4,22.9,8.3,NaN,5.7,15.4,6.3,NaN,10.9
1992-05-01,50.6,NaN,78.4,62.1,55.7,50.4,127,51.2,52.2,NaN,NaN,113,NaN,108.7,70.2,82,135.9,91.1,NaN,12.4,49.6,33.4,NaN,73.3
1992-06-01,64.6,NaN,51.7,52.4,39.2,64.7,6,34.2,75,NaN,NaN,57,NaN,38.9,26.1,41.5,55.1,52.2,NaN,6.7,48.4,31.2,NaN,33.4
1992-07-01,204.6,NaN,212.5,203,223.4,205.4,194,217.5,169.1,169.4,NaN,238,79.4,261.5,123.9,105,157.8,139.1,NaN,23.9,120.2,31.7,0,125.5
1992-08-01,90,NaN,80,76.8,185,82.7,20,76.3,95.2,201.1,NaN,50,59.3,71.9,43.6,207.7,34.7,104.3,NaN,29.4,76.8,39.7,208.1,102.8
1992-09-01,70.1,NaN,85.3,38.1,82,65.6,26,38.8,47.6,66.9,25.3,72,34.2,2,98.5,74.5,141.6,42.4,NaN,16.8,69.1,34.7,99.6,110.7
1992-10-01,79.9,NaN,107.5,99.2,68.7,86,39,85,110.4,91.4,28.2,NaN,NaN,82.8,91.9,174.2,94.2,83.5,NaN,17,96,91.8,140.8,110.3
1992-11-01,27.8,NaN,47,22.4,23.3,28.8,16,26.6,17.8,15.5,NaN,0,NaN,18.7,35.2,33.8,20.2,20.5,NaN,5.1,34.5,26.4,37.5,37.2
1992-12-01,11.7,NaN,12.5,10.5,3.2,NaN,0,11.2,10.5,8.1,66.7,0,NaN,19,3.7,2.4,27,0,NaN,1.6,10.3,8.3,NaN,10.8
1993-01-01,10.3,NaN,3.5,4,3.3,NaN,10,3.7,7.8,10.5,61.7,NaN,NaN,9,28,10.8,17.7,5.3,NaN,0,12.8,0,0,9.5
1993-02-01,0,NaN,0,0,0,0,0,0,0,0,2.5,0,NaN,2,0,0,0,0,NaN,0,0,NaN,0,0
1993-03-01,0,NaN,0,1,0,0,0,0,0.3,0,0,0,NaN,0,2.5,0,0.3,1.7,NaN,0.1,0,NaN,0,2.9
1993-04-01,17.2,NaN,0,4,2.4,17.5,14,1,5.3,9.2,0,0,NaN,20.5,0,0,0,0,NaN,0.2,3.6,NaN,1,2.6
1993-05-01,9.6,NaN,0,12.5,4.8,9.5,30,1,10.2,NaN,16,0,NaN,2.5,9,9.8,14,2,1,2.6,2.7,NaN,0,8.2
1993-06-01,93.3,NaN,139.7,143.3,136.2,92.3,115,168.7,71.5,134.3,0,80.5,167.6,96.7,118.9,133.1,144.8,110.8,184,28.9,157.3,NaN,111.5,128.2
1993-07-01,136.5,NaN,120.4,182.5,308.3,131.7,76,213.1,204.8,183.9,0,132,175.2,135.8,149.8,163.1,218.3,171.6,257,36.4,120.2,18.5,192.3,NaN
1993-08-01,64.5,NaN,86.5,91.1,144.3,51.8,89,110.5,93,NaN,2,94.5,133,80.6,NaN,115.3,46.5,118.8,149,18.2,46.8,121.1,74.7,78
1993-09-01,167.4,NaN,110.6,152.4,230.9,140.2,71,141.5,191,NaN,67.1,100.2,198,86.8,63.7,135.6,118,116.7,NaN,38.5,140.8,51.8,185.5,109.7
1993-10-01,35.7,NaN,54.5,38.2,19.5,127.9,16,44.4,54.8,26.5,98.3,61,9.5,33.3,NaN,22.1,49,67.5,52,0,32.7,2.1,32.5,42.8
1993-11-01,0,NaN,4.5,1.5,0,0,0,3.1,2.6,NaN,45,20,1,0,NaN,0,4.2,5.9,NaN,0,26,0,5.5,3.5
1993-12-01,0,NaN,0,0,0,0,0,0,0,0,79.7,NaN,0,0,0,NaN,0,0,NaN,0,0,0,0,0
1994-01-01,0,NaN,0,0,2,0,2,1.5,0,0,51.1,1,5.5,0,21.5,0,0.2,0.3,2.5,2.3,3.5,0,0,5.2
1994-02-01,0,NaN,0,0,0,0,0,0,0,0,0,NaN,9,0,0,0,0,0,0,0,0,0,5.5,0
1994-03-01,1.2,NaN,2,0,0,0,0,0,0,1.1,4.6,NaN,0,0,0,0,35.6,0,0,0,0,0,0,0
1994-04-01,6.4,NaN,8.5,0,11,6.9,13,15.1,22.5,8.8,0,NaN,0,11,16.5,0,20.5,14,0,37.4,51.9,0,11.5,37.3
1994-05-01,6.2,5.2,0,14.6,NaN,5.3,20,18.2,5.5,0,0,NaN,6,5.5,8.7,10.4,64.8,7.5,14,6.2,21.3,0,35.5,28.4
1994-06-01,163.2,114.8,211.1,170.8,112.3,168.7,217,99.7,171.6,217.4,0,NaN,159,179,38,226.6,39.3,95.9,NaN,38.6,185.6,0,172.5,192.1
1994-07-01,43.9,131.5,72.4,94.7,66.2,83.5,51,80.7,87.9,80,31.3,NaN,39,105,98.4,65.9,197.4,106.6,NaN,22.8,51.9,0,74,64.8
1994-08-01,165.5,120.7,221.8,145.2,161.2,221.2,179,109.2,209.5,NaN,42.7,NaN,117.5,129.5,98,168.7,156.9,102.2,252.5,39.3,97.9,0,245.5,185.6
1994-09-01,77.6,23.7,128.3,91,149.9,72.3,36,67.8,124,NaN,48,NaN,41.8,56,141.3,72.4,84.8,42.9,143,20.7,122.4,0,166,94.7
1994-10-01,27.8,39,80,31.4,9.8,31.9,39,30.2,29.2,NaN,76.1,0,43.5,11,46.4,15.6,132.3,31.9,171.5,24.5,62.5,0,90.1,65.9
1994-11-01,5.2,4,0,0,0,4.4,2,2.4,0,0,19.6,0,NaN,0,0,0,0,2.2,0,0,0,0,0,0
1994-12-01,0,0.2,3.5,0.5,0,0,8,0,0,0,0,0,0,0,0,0.5,0,0,0,0,0,0,0,6
1995-01-01,0.9,0,3,1,0,1.2,4,0.6,1.5,NaN,0,1,0,0,0,2.7,NaN,0,0,1.4,2.3,0,4.7,0.5
1995-02-01,3.1,5,0,6,9.3,3.1,0,4.5,1.5,NaN,0,1,0,0,12.7,2.1,NaN,4.2,25,0,0,0,0.2,3.2
1995-03-01,0,0,0,0,0,0,0,0,0,NaN,0,1,0,NaN,0,0,NaN,0,0,0,0,0,0,0
1995-04-01,2.2,0,0,0,0,0,0,0.4,0.4,NaN,0,11,0,0,0,1,NaN,0,0,0.1,0.5,0,0,1
1995-05-01,20.5,77.8,53,59.9,107.5,16.6,36,47.4,25.5,7,67,0,23.9,48,63.5,53.3,NaN,62.2,110.5,27.6,72.6,0,37.6,57.7
1995-06-01,73.1,95,40,82.5,109.5,75.5,69,65.8,75.4,106,11.5,109,36.3,68,18.8,97.9,NaN,104.2,171.5,35.1,55.9,0,45.9,90.9
1995-07-01,191.5,161.5,243,172.9,159.8,216.1,205,140.1,240.2,201.5,8.8,106.5,155,130,68.1,155.6,NaN,117.4,205.5,57.1,177.4,0,263.7,209.8
1995-08-01,228.4,192.1,211,182.5,254.1,204.1,149,140,243.2,176.5,20,92,155,128.8,104,215,167.6,167.1,241,36.6,175.3,0,224,136.9
1995-09-01,143.2,37.4,145,138.2,76.2,165.2,124,40.1,88,NaN,9,74,107,80,165.6,NaN,110.9,35.5,199.5,0,127,0,62,104.3
1995-10-01,1.7,2.3,0,4,6.5,9.2,2,0,3,0,0,0,4,0,1,0,0.5,10.2,33.5,0,0,0,4.5,0
1995-11-01,4.2,27.6,3,1.5,13.2,3.6,3,31.9,3.7,5.8,15,23,0,6,0,0,17.4,8.7,9.5,7.6,0.7,0,33,2.8
1995-12-01,12.6,15.1,18,1.5,18.5,12.7,22,7.9,15,21.1,42,11,9,0,24,16.9,20.5,16,23,3.7,25,0,24.1,20.9
1996-01-01,0,0,0,0,0,0,0,0,0,0,0,51.4,0,0,0,0,0,0,0,0,0.6,0,0,0
1996-02-01,0,0,0,0,0,0,0,0,0,0,0,0,0,0,0,0,0,0,0,0,0,0,0,0
1996-03-01,0,0,0,0,0,0,0,0,0,0,0,0,0,0,0,0,0.1,0,0,0,0,0,0,0
1996-04-01,0,5,0,0,1.3,0,0,0.4,0,0,0,0,0,0,2.1,11.3,5,1.7,20,2.1,6.1,0,11.4,17.7
1996-05-01,42.5,54,19.5,4.5,13,32.3,18,47.4,10.5,15.2,8,10.7,0,11,0,2.2,1.9,45,40,11.1,14.1,0,22.2,21.8
1996-06-01,85.8,89.6,41,111.6,128.6,60.8,70,65.8,90.1,98.2,165,81.3,146.6,69.2,58.5,33.4,55,115.7,139,32.2,86.3,0,106.5,44.4
1996-07-01,55.3,74.1,77.5,87,137.2,81.1,54,140.1,81,88.6,123,81.2,174.5,53.3,69.1,75,63.1,69.8,89.5,85.1,126.1,0,72.5,116
1996-08-01,157.2,90.9,164,117,171.9,144.8,69,140,202.8,140,133,NaN,206.7,144.7,87.2,215.8,90.7,117.4,169,42.3,132.6,0,103.4,114.6
1996-09-01,76,151.5,98.6,99,121.9,94.2,120,40.1,118.4,103.6,121,NaN,229,120.2,NaN,107.6,180.1,179,122.5,22.1,74.6,28.7,141,107.3
1996-10-01,91.3,80.9,98.5,82,94,94.6,53,0,63.1,22.7,83,134,79,62.5,31,53.2,64.2,99.7,46.5,10.1,49.2,16.8,113.2,52.3
1996-11-01,0,1.5,0,NaN,0.6,0,0,31.9,0,1.2,4,0,0,0,1,0,0,0.5,4,0.6,1.9,0,3,0.5
1996-12-01,0,0,0,0,0,0,0,0,0,0,0,0,0,7,0,0,0,0,0,0,NaN,NaN,0,0
1997-01-01,2,1.3,7.5,0,0,2.2,0,1.9,2.3,0,22,0,0,1.7,21.4,0.8,7.7,0.3,2,NaN,NaN,0,1,16.2
1997-02-01,1.7,3,0,5,0,1.9,0,4.5,4.8,1.1,0,NaN,0,7,28,6,4.6,3.3,1,2.4,10.3,0,7.5,11.7
1997-03-01,43,38,49.3,26,35.5,40.5,63,39.2,43,83.7,7,NaN,20,42.5,27.2,47.3,71.6,32.9,39.5,3.6,24.8,27,43,32.7
1997-04-01,57.8,31,98,26.5,17.6,58.6,87,36.1,46.5,20.5,59,NaN,73,32.3,75.5,26.9,76.9,33.8,36.5,9.7,66.2,3.6,47.7,49.2
1997-05-01,16.1,29.5,39,38,22.1,17.2,37,14.2,25.9,24,8,NaN,29.5,30,22,32.2,25.7,26.3,127.5,0,41.6,32.2,6,36.6
1997-06-01,86.9,120.3,111.5,133,234.1,93.6,63,123.8,73.2,111,161,NaN,164,94,39.3,164.7,47.8,105.1,196.5,28.6,74.3,79.5,75.8,96.7
1997-07-01,96.6,163.9,114.5,112,179.8,142.1,200,133.1,105.2,191.4,133.7,NaN,122,119.5,94.1,184.7,69.3,120.6,217,24.1,107.8,141.5,133.5,97
1997-08-01,56.2,121.5,81.5,89.5,133.2,60.6,115,137,69.8,103.5,35,NaN,121,119.4,81.3,87.4,62.8,111.5,82.5,33.6,91.3,198.8,125.8,100.7
1997-09-01,17.4,16.8,52.5,20.5,39.2,17.9,46,NaN,15.1,46.7,36,56,33.5,43.6,31.1,26.5,36.8,33.4,NaN,14.7,11.6,9,22.5,8.8
1997-10-01,57,67.9,30.4,79.5,68,68.5,70,NaN,62.6,79,16,105,56,103.2,45.7,50.2,110.3,45.7,68.5,6.9,35.9,64,69.5,35.8
1997-11-01,14.1,15.9,13,4.5,9.4,16.9,12,NaN,12,16.5,58.7,0,22,10.2,6,12.5,13.1,19.5,27,4.5,12.8,36,29,16.3
1997-12-01,0,0.3,0,0,0,0,0,NaN,0,0,0,0,7,0,0,1,2.2,0,0,0.1,0,0,7,0.5
1998-01-01,0,NaN,0,0,0,0,0,NaN,0,0,0,0,0,0,0,0,0,0,0,0,0,0,0,0
1998-02-01,1.9,1,2.5,0,0,1.6,2,1.8,0.8,0,0,5,0,9,0,4,7.1,0,0,2,6,0,0,5.2
1998-03-01,0,0,0,0,0,0,0,NaN,0,0,0,0,NaN,0,0,0,0,0,0,0,0,0,0,0
1998-04-01,0,0,0,0,0,0,0,0,0,0,0,0,0,0,0,0,0,0,0,0,0,0,0,0
1998-05-01,5.8,0,6,NaN,0,7.6,3,2.8,1.2,0,0,0,0,0,NaN,0,1.5,0,3,0,0,0,0,0
1998-06-01,133.1,132.4,120,217,147.4,139.8,122,98.8,126,64.2,0,147,118,130.7,145.1,92.5,112.6,98.9,118.5,28,105,135.5,117.4,188.9
1998-07-01,100,103.6,93.1,82.5,133.3,100.6,119,89.7,197.1,142.2,150,87,96,114.5,35.2,99,69.7,136.1,238,41.1,105.2,101.3,88.5,85.4
1998-08-01,288.6,104.9,345.9,188.5,157.4,240.2,262,166.2,226.1,173.5,145,113,167,122,226,133.1,186.2,126.4,200.5,48.7,138.9,161.3,219.5,146.7
1998-09-01,170.2,176.9,206.3,182,192.3,209.9,272,127,182.1,209.2,166,304,241.5,131,160.8,96.5,166.1,175,336,20.3,102,218.5,104,138.5
1998-10-01,91.5,70.9,74,55.5,24.9,134.3,154,58.5,112.3,60,16,467,50,108.7,81.9,10.5,68.2,62.3,43,15.5,57.3,41,12,82.3
1998-11-01,0,0,0,0,1.3,0,0,0,0,3.9,3,6,0,9.5,0,0,5.2,0,2.5,0,0,0,3,3.2
1998-12-01,0,0,0,0,0,0,0,0,0,0,0,0,0,0,0,0,0,0,0,0,0,0,0,0
1999-01-01,0,NaN,0,0,0,0,0,0,0,0,0,0,0,0,0,0,0,0,1,0,0,0,0,0
1999-02-01,0,0,0,0,0,0,0,0,0.3,0,0,0,0,0,0,0,0,0,0,3,0,10,0,0
1999-03-01,2.7,3.6,0,0,0,2.4,5,1.7,2,0,0,0,0,0,1,0,3.8,2.2,0,0.4,4.8,0,1.5,3.6
1999-04-01,0.9,0.5,0,0,3.9,3.8,2,27.8,0,0,0,0,0,0,0,0,2,2.2,6,0,2.6,0,0,0
1999-05-01,35,4.5,17.5,17,4.7,22.3,20,12.9,27,5.7,0,3,0,10,6,2.7,29,10.7,9,0.4,7.9,5,10.5,9.3
1999-06-01,162.7,195.4,114.8,204.5,94.2,146.4,141,78.1,171.1,204.2,150,125,197.4,110.5,79.2,128.9,98.2,125.3,99,10.3,144,160,81.3,82.5
1999-07-01,110.1,220.3,126.3,202,128.1,87,132,138.9,168.4,125,97,171,NaN,160,121.1,220.9,105.7,208.2,166,34.4,141.2,181,191,142.1
1999-08-01,67.8,100.4,101.7,74.5,134.7,44,59,114.6,109.2,162.7,64,108,NaN,66,65,152.6,45.7,126.4,155.5,0,92.4,105.5,117.5,61.4
1999-09-01,41.4,31,51,93,71.5,64.3,72,47.1,29,73.5,20,63,NaN,54.5,24,42.5,40.8,81.7,73,3.4,28.4,77,61.7,37.9
1999-10-01,3.8,3.5,0,3.5,6.2,3.6,0,19.6,0,13.5,NaN,7,NaN,0,12.5,12,8.9,15.2,0,2.2,3.8,27,27.5,10.4
1999-11-01,0,0,0,0,0,0,0,0,0,0,0,0,NaN,0,0,0,0,0,0,0,0,0,0,0
1999-12-01,2.7,3.5,4.3,0,0,2.2,0,1.3,1.5,NaN,0,0,NaN,0,4,0,3.5,4.7,6,0.2,0.8,0,0,0.4
2000-01-01,0,0,0,0,0,0,0,0,0,0,0,0,NaN,0,0,0,0.1,0,0,0,0,0,0,0
2000-02-01,0,0,0,0,0,0,0,0,0,0,0,0,NaN,0,0,0,0,0,0,1,0,0,0,0
2000-03-01,0,0,0,0,0,0,0,0,0,0,0,0,NaN,0,0,0,0,0,0,0,0,0,0,0
2000-04-01,0,0,0,0,0,0,0,0,0,0,0,0,NaN,0,0,0,3.4,0,2,0,0,0,0,3.6
2000-05-01,40.8,81.8,63.5,88.5,138.3,38.3,66,53.8,56.6,62.8,0,25,NaN,68.5,61.1,108.5,78.1,70.9,65,22.5,135.2,80,111.5,96.5
2000-06-01,98.8,96,111,113.5,151.4,89.6,80,100.9,107.2,104.5,123,127,NaN,150,81.6,108.8,117.6,108.8,215,31.1,113.1,123.1,158,155
2000-07-01,96.6,74.7,93.1,111,198.6,119.4,159,89,96.9,146.4,0,53,NaN,135,50.2,123.9,75.4,91,227,0.5,38.4,75.6,89,72.2
2000-08-01,66.3,58.8,70.4,13.5,56.2,72.4,80,45.8,127.6,59.6,67,59,NaN,58.5,66.3,48.9,107,54,84.5,18.8,87.6,92.5,NaN,69.4
2000-09-01,72.5,63,72,39.5,38.3,95.7,40,99.5,95.7,21.5,9,79,NaN,34.6,49.3,51.7,68.2,81.6,35.5,17.2,55.5,99.2,73,67.4
2000-10-01,4.3,1.7,32.5,3,14.1,13.3,0,12.6,1.2,32,14,3,NaN,34.5,16.1,46.3,22.6,1.8,74,3.3,15.6,12.1,10.5,16.4
2000-11-01,0.4,0,0,0,1,0,4,2.2,2,8,30.8,0,NaN,0,16,0,0.7,3,0,0,3,1,0,0.2
2000-12-01,11.6,8.5,12,4,5.5,12,2,14.8,11.1,8.2,0,8,2.5,14,NaN,NaN,18.4,8.5,0,0.7,13.1,22.9,0,NaN
2001-01-01,0,0,0,0,0,0,0,0,0,0,0,0,0,0,4,0,0.5,0,0,0,0,0.5,0,0
2001-02-01,1.9,0,11.5,2,0,0,2,1.3,0,0,0,0,0,6,0,0,8.5,0.3,0,2.2,7.7,5,0,11
2001-03-01,3.9,1.5,1.5,4.5,9.6,3.8,8,0,3.2,10.1,0,9,2,5.5,21,0,11.6,0.4,15,0.8,6.6,1.8,0,5.3
2001-04-01,10.1,12.7,7.4,18,24.3,5.9,14,16.1,17,18,0,0,9.5,2,22.2,22,78.7,16.6,15,3.7,20.7,10.5,0,29.9
2001-05-01,54.5,49.9,70.2,37.5,35,57.5,60,51,41.7,44.1,NaN,9,34.5,51.5,20,66.6,62.6,55.8,20,9.9,23.3,48.9,13.8,32.6
2001-06-01,151.4,152.8,131.5,196.5,216.8,165,166,115.1,141.4,143.2,NaN,133,157.8,144.5,147.1,170.2,58.9,151.6,226.5,56.9,93.2,256.7,212.7,111.8
2001-07-01,216.9,248,176.9,206.5,210.7,160.1,138,177.8,256.3,212.7,NaN,198,245,140,NaN,319,90.3,227.3,169,37.2,105.4,308,195.3,167.6
2001-08-01,241,140.5,287.4,159,154.6,258.3,209,139.2,211.2,198.3,58,284,132,200.5,NaN,154.2,106.2,186.4,220,51.4,190.4,182.2,100.3,212.9
2001-09-01,136,158.4,93.9,141,80.5,154.7,119,136.4,145.5,64.1,0,80,115.9,83.5,87.5,98,110.2,151,136,31.7,60.3,245.7,117.3,59.3
2001-10-01,19.7,18.4,19,20,27.7,30.8,29,20.4,19.1,29,0,25,21.5,19.5,0,72,29.2,16.3,41,8.5,30.4,49.9,NaN,9.6
2001-11-01,4.3,0,8.5,7.5,38.6,11.9,20,0,0,0.7,0,0,6,0.2,4.5,7,3.2,0.5,0,0,0,0,NaN,0
2001-12-01,0,0,0,1,0,0,0,0.4,1.5,1,0,3,2.5,0.5,0,0,0.8,0.3,0,2.1,9.9,0,NaN,5.8
2002-01-01,39.5,25.7,40.7,16,21.8,38.7,32,18.7,35.1,0,0,NaN,20.5,24.5,64,27.3,66.3,32.8,32,4.6,36.9,25,12.3,48.5
2002-02-01,19.6,13.6,20,14.5,12.6,18.9,27,0,17.3,15.9,0,NaN,12.5,19.5,27,8.5,36.8,14.3,31,2.3,18.5,19.1,9.7,24.3
2002-03-01,0,0,0,0,0,0,0,0,0,0,0,NaN,0,0,0,0,1.8,0,1,0,0.3,0,0,0.2
2002-04-01,0.9,4,6.7,0.5,19.4,0,0,2.4,12.4,5.9,0,NaN,17.5,12.4,0,0,16.7,8.9,10,10.2,9,0,0,8.5
2002-05-01,26.9,20.8,46.7,21.5,26.3,40.1,35,32.1,34.8,32.8,67.5,NaN,33,31.5,47,31,53.8,24.7,14,4.6,16.8,31.8,6,13
2002-06-01,115.8,133.3,79.6,96.5,145.1,75.2,81,112.6,123.1,113.1,121.5,NaN,144,66.5,55.9,141.4,66.7,79.4,183,33.3,104.2,177.1,130.9,77.9
2002-07-01,290.1,194.3,246.4,135,292,324,248,145.9,224.2,176,310.2,NaN,111.5,174.5,245.8,240,172.7,194.9,164,49.2,224.8,534.9,149.4,212.3
2002-08-01,185.9,128.9,226.4,142,196.3,159.1,230,196.9,267.5,69.3,126.9,NaN,135.5,191.5,191.3,114.5,88.9,183.4,102,42.8,204.5,232.6,211.2,250.7
2002-09-01,164.5,192.3,189.5,125.5,147.5,167.6,137,127.6,159.2,279.8,166.7,NaN,123.5,120.5,118.9,137.5,135.3,112.1,225,46.1,88.8,202.1,137.5,103
2002-10-01,36.5,49.2,95.4,39.5,167.2,51.7,75,45.9,45.4,25.2,48.5,0,35.5,33,49.1,37.4,80.7,50,39,21.3,68.6,64.5,82.5,63.9
2002-11-01,43.8,31.4,61.8,44,43.5,41.9,54,44.5,41,37,10,31,2,NaN,14,55.1,52.4,31.7,12,3.5,54.7,26.2,27.1,37.2
2002-12-01,0,1,0,0,1,0,3,0,0,0,0,26.7,0,0.5,0,0,0.9,0.4,1,0.7,1.3,0,0,1
2003-01-01,9.9,9.5,10.5,13.5,24.8,10.6,15,21.8,10,27.3,0,78.9,7.5,14,1,5.7,10.4,9,16,0.3,3,7.1,0,5.9
2003-02-01,1.5,5.5,2.7,0,7.6,1,3,0,1,0,0,0,2.5,0,0,0,0,0.5,0,1.2,1.6,0,0,2.1
2003-03-01,0,0,0,0,0,0,0,0,0,0,0,0,0,0,0,0,0,0,0,0,0,0,0,0
2003-04-01,3.8,0.5,12.5,0,0,9,9,0,4,6.3,5,0,NaN,0,0,0,7,0.7,0,0.7,0.3,NaN,4.2,0.5
2003-05-01,16.2,29.2,27.5,7,73.2,17.1,25,21.1,12,25,56,0,6.5,40,5,30,21.6,27.1,58,7.3,15.1,102.3,4.7,24.3
2003-06-01,260.4,186.3,192.7,130,289.7,209.3,61,159.7,233,129.4,91.5,199.9,105,166,NaN,235,194.2,225.7,146,73.9,189.4,167.2,160.5,207.4
2003-07-01,245.4,397.2,255.4,288.5,271,189.7,324,413.9,330.6,274.7,431,291.7,347.5,211.5,241.8,275,177,382.2,282,37.2,229.3,205.5,363.8,238.4
2003-08-01,212,140,176.8,133,129.2,170,204,128.9,200.5,125.1,200.3,131,162,160,88.9,91.5,145,141.2,224,42.5,126.9,168.3,216,224.6
2003-09-01,258.5,244.2,291.8,175,212.9,250.6,201,233.5,271.6,250.8,337.7,137,242,188.3,307.8,229.1,178.2,225.5,225,29.3,192.6,203.9,317,175
2003-10-01,64.2,61.2,49.6,67,105.3,67.3,102,33.1,49.6,80.6,126,63.2,114,70,69,119.5,74.9,32.5,158,6.3,56.4,79.3,96.2,72.4
2003-11-01,0,0,2,2,0,6.1,3,0,0,7.3,48.5,0,0,0,0,1,0,0,17,0,0.2,0,0,0
2003-12-01,0,0,0,0,0,0,0,0,0,0,3,0,0,0,0,0,0,0,0,0,0,0,0,0
2004-01-01,66.9,41.5,46.8,47.5,47.2,44.7,NaN,32.9,47,41.4,75.5,36.7,65,66.5,18,27.4,81.9,37.9,47,13.3,35.8,69.1,27.1,27.2
2004-02-01,1.3,0,3,0,0,1,0,5.3,0.3,0,0,0,0,0.5,3,0,1.6,0,0,0,NaN,1,0,1.5
2004-03-01,35.6,46.5,70.3,16,9.6,40.5,42,53.3,29.8,15.2,9,101,20,30,24.3,4,51.3,43,20,5,NaN,22.5,50.1,44.7
2004-04-01,0,0,0,0,2,0,0,0,0.5,7.7,0,76.2,0,1.5,5,0,2.2,0,0,0,0.2,0,0,7.5
2004-05-01,61.1,44.8,82.8,44.5,103.6,63.8,45,46.5,47,89,67.5,75,35,72.5,49.5,55.5,94.6,62.6,57.4,8.7,48.8,101.9,82.6,34.8
2004-06-01,293.3,169.3,286.3,205.5,182.5,269.3,321,230.5,257.8,196.6,156.3,NaN,162,187.8,216.9,395,267.5,153.2,265,34.4,256.3,272,250.8,197.6
2004-07-01,63.2,141.5,128.2,128,104,103.4,155,149.5,119.4,102,109.8,NaN,104,121.5,161.3,194,115.5,113.8,155,112.1,94.8,232.5,120.6,164.8
2004-08-01,245.3,145,167.8,200,195.3,221.8,140,103.6,232.3,135.1,233.1,NaN,115,219.5,67,155.8,107.6,156.7,227.5,109.7,113.4,213.8,195.7,134
2004-09-01,245.3,209,271.5,182,185.6,266.2,141,208.3,177,168.1,196,NaN,208,143,210,381,178.4,193.8,211,229.9,219.1,131.3,184.5,264.1
2004-10-01,15.7,21,10,19.5,9,13,18,42.9,18.3,34.4,61,NaN,64,21.5,32,33,12.9,35.1,22,15.2,18.7,30,20.9,14.4
2004-11-01,15.6,2,8,2,0,14.7,0,0,29.8,NaN,6,NaN,0,3,11,0,0,0.1,0,0,2.1,0.2,0.3,NaN
2004-12-01,16.1,14,14,21.5,15.8,15.2,27,17.2,15.7,10.4,16,0,23,22,4,21.5,31.1,15.7,28.5,17.2,19.9,13.5,NaN,22.1
2005-01-01,1.6,3.5,2.5,6,9.8,1.8,0,3.1,1.5,10.8,0,0,0,6,0,3.5,8.5,2.8,14,0,0.2,3,1.9,0
2005-02-01,21.9,16,32,8,13.5,23.8,24,27.7,23.7,8.5,36.2,0,14,52,54.6,31.5,40,19.9,3.5,27.3,NaN,37.8,27.5,26.6
2005-03-01,24.8,16.5,29,6,12.3,29.2,0,5.8,20.3,13.2,28,0,13.5,23.5,13,6.7,41.8,12.8,16,16.4,72.6,13.4,17.3,9.9
2005-04-01,0,1,0,2.5,0,0,0,0.8,1,0,0,0,0,5,4,1,4.9,0,0,0,0,2.9,0,0
2005-05-01,0,2,0,9,8,1.4,0,20.3,0,0,1.3,0,0,19,6.5,23,4.2,2.7,1,0.5,1.3,8.2,0,5.4
2005-06-01,2.5,28,NaN,24.5,27.7,4.2,0,10.1,0.7,0,NaN,0,36,13,14,61,8.3,15.5,91,16.8,13.6,44,43.1,27.2
2005-07-01,129.5,142,149.5,118,177.8,127.7,0,170.5,115.6,242.3,164.8,0,94.5,126.5,144.5,324.5,122.7,181.4,282.7,81.1,88.9,92.9,63.1,NaN
2005-08-01,132.3,148,128.5,130,196.6,134.2,0,215.3,214.5,152.8,265,0,73.7,150,128.4,151,111.8,131,178.5,141.4,189.3,199.1,234.5,NaN
2005-09-01,51.9,46.5,55,30.5,56.1,36.1,60,27.8,36.2,64,132.5,NaN,68,38,78.7,131.8,95.2,31.3,116,56.7,30.5,20.5,69.4,NaN
2005-10-01,5.1,29.5,8,9.5,48.5,2.8,29,20.9,10.2,49.1,153.3,1.3,30,9,0,111,28.5,15.7,114.6,22.2,19.9,38.2,39.3,NaN
2005-11-01,0,4.5,0,1,7.5,0,0,5.7,0.3,0.3,2,0,NaN,4,0,0,0,4.8,0,0,8,11,0,NaN
2005-12-01,0,0,0,0,0,0,NaN,0,0,0,0,0,NaN,0,0,1,0,0,0,0,NaN,12.7,0,NaN
2006-01-01,16.9,20.2,20,21,16.3,16.4,0,14.7,16,21.6,22.5,0,20,33,1.5,14.5,37.8,18,9,10.9,11.3,19.5,18.8,7.8
2006-02-01,0,0,0,0,0,0,0,0,0,7.5,0,NaN,0,0,0,0,0,0,0,0,NaN,0,0,0.2
2006-03-01,2,1,0,2.5,0,1,3,1,2,0,0,NaN,0,21,0,35,9.7,0.2,0,1.2,1.6,NaN,13.4,0
2006-04-01,1.1,0,1.5,5.5,5,1.5,15,3.1,8.7,7.8,0,0,7,10.5,4,0,26.2,0.4,0,6.3,9.5,2.9,3.4,0.2
2006-05-01,98.8,119.2,68,98.5,97.7,96.9,99,116.9,105.5,135.2,98,56.8,42,77.5,95.2,61.5,84.7,85.3,101,52.1,62.4,1.7,49.6,NaN
2006-06-01,26.8,31.8,74.5,41.5,106.5,30.6,0,12,10.4,22.8,38,101.5,22.5,58,30,77.7,14.6,12.6,98,16.6,12.5,17.9,6.7,NaN
2006-07-01,140.5,148,226,76.5,159.6,120.6,156,144.9,118.2,195.9,175,164,147.5,99.5,154.1,173,62.5,145.4,121,100.8,176.7,199.7,140,NaN
2006-08-01,202.9,206.3,236.3,163,166.1,210.9,253,231.3,221.3,168,273,102.2,68,234.5,171.4,217,276.7,215,193.5,NaN,162.2,230.6,212,NaN
2006-09-01,80,62.8,148,122.5,53.5,189.1,146,113.8,67.3,109,134.5,71.4,171,101.6,77.8,150,106.6,46.4,177.5,NaN,85.4,83.4,122.1,NaN
2006-10-01,73.4,76.9,110.5,91.5,130.3,88,141,88.2,92.2,67.5,19,140.5,87,102.5,61.3,103,76.6,87.2,161.5,NaN,79.6,94.1,66.2,NaN
2006-11-01,8.9,4,8.5,3,7.2,4.7,0,3.5,2.5,22.9,0,22.9,0,6.5,23.7,11.5,8.7,3.2,43,NaN,17,11.5,18.1,NaN
2006-12-01,13.4,19.5,22.5,13.5,18.5,17.8,26,18.2,20.8,19,10,35.5,16,16.5,10,NaN,23,20,19,NaN,7.3,17.5,18.8,NaN
2007-01-01,30.3,23.5,23.5,15,16,30.2,40,27.4,23.4,15.9,11,84.6,23,28.5,33.7,10.3,29,30.6,25,NaN,20.8,3.5,28.9,14.5
2007-02-01,19.6,14.7,14,19.5,19.4,34.9,8,8.2,22.6,23.7,14,0,15,15,26.9,14,24.9,12.8,11.5,NaN,6,NaN,10.3,12.1
2007-03-01,3,0,0,2,0,9.6,60,2.4,4,0,0,0,0,0,0,0,0.6,5.8,1,NaN,1.3,9,0,0
2007-04-01,20.9,1.8,31,12.5,0,16.7,23,6.7,28.3,0,0,53.5,0,24.5,11,2.5,17.3,2.7,0,NaN,2,3,0,4.1
2007-05-01,8.4,7,16.5,16.5,14.8,15.8,10,7,12.1,11.7,74,38.1,14,56,9,0,99.2,14.5,9.5,NaN,7.6,15,8.2,15.7
2007-06-01,297,263.1,304.5,220,186,302,195.5,263.6,255.1,202,175,164,160,197,248.8,232,254.6,267.9,213.5,NaN,205.2,195.4,155.3,132.2
2007-07-01,269.7,232.6,191,227.5,223.6,269.6,257,343.9,217.5,236.8,230,143.9,188.8,138.5,269.4,226.5,209.9,320.9,215.5,NaN,207.9,310.6,235.8,227.4
2007-08-01,60.6,52.7,98.2,58,84.9,81,193.5,99.5,93.1,167.5,76,101,88,72,59.1,161.5,175.5,44.7,249,NaN,117.6,297.9,72.2,95.1
2007-09-01,121.8,121.8,93.5,168,126.9,108.5,0,116.3,116.2,138.1,115,153,149,65.3,71.4,127.5,89.5,109.5,190,NaN,82.1,183.1,169.3,87.4
2007-10-01,1,14,0,9.5,29,0.7,0,0,26.2,41.5,69.5,33.2,9,46,5,4.5,13,14.5,0,NaN,23.8,4.2,5.4,43.7
2007-11-01,15.7,8.9,9.5,12,24.2,19.5,0,12.6,11.5,18.2,0,0,12,15,3.9,25.5,22.1,9.9,3.5,NaN,10.2,10.2,17.5,16.4
2007-12-01,0,0,0,0,5.1,0,0,0.5,0,0,5,0,0,0,0,0,0.1,0,3,NaN,3,1.4,0.5,0
2008-01-01,5.5,4.5,4,3,0,4.2,9,2.5,11,0,0,0,0,1.5,NaN,0,4,2.5,NaN,NaN,NaN,NaN,0,1.4
2008-02-01,1,7.2,0,1,0,1.7,0,3.7,0,0,0,0,0,2,1,0,6.4,0.9,0,NaN,2.4,0,0.5,0.2
2008-03-01,0,0,0,0,0,0,0,0,0,0,0,0,0,0,0,0,0,0,0,NaN,NaN,0,0,0
2008-04-01,2.6,9,6,3.5,1.5,3.4,5,7.4,4,2.5,4,0,0,0,0,1.5,4.9,4.8,20,NaN,NaN,0.6,25.2,38.7
2008-05-01,33.5,0.1,5,0,6.7,45.2,50,13.2,11.5,0,6,10.5,0,26,21.6,10.5,25.5,2.5,4.5,NaN,3.3,31,15.4,16.4
2008-06-01,114.7,131.9,113.5,209.5,195.4,151.4,230,106.7,122.4,222.5,161,40.6,206,127,168.3,235.9,130,110,179,NaN,69.8,170.3,198.2,100.9
2008-07-01,278.7,287.9,210.5,194.5,252.7,273.4,229,269.3,268.8,234.1,237,77,195,294,217.9,340,194,224,260,NaN,260.1,239.9,325.1,294.7
2008-08-01,297.8,244,361.5,181,247.6,333,219.3,277.8,251.5,250.2,144,NaN,241,272,294.4,261.8,226.8,239.4,199.5,NaN,239,206.2,242.9,243.8
2008-09-01,47,75.4,52,115,79.1,28.7,59,124.2,69.2,110.2,69,NaN,54,41,39.8,49.4,48.3,108.1,125.5,NaN,42.9,134.5,122.9,19.3
2008-10-01,17.5,0,16,0,0,10.5,NaN,NaN,29.5,11.9,0,NaN,0,9,1,24,4.4,38.7,20,NaN,25.6,17.5,17.7,1
2008-11-01,0,30.4,0,0,0,0,0,NaN,0,0,0,NaN,0,0,0,0,0,0,0,NaN,0,0,0,0
2008-12-01,0,0,0,0,0,0,0,NaN,0,0,0,NaN,0,0,0,0,0,0,0,NaN,0,0,0,0
2009-01-01,6.3,10,14,3.5,4.8,7.6,0,4.4,4,0,0,0,0,5,0,5.5,6,7.1,4.5,NaN,3,NaN,11.2,3.2
2009-02-01,0,0,0,0,0,0,0,0,0,0,35,0,0,0.1,0,0,0,0,0,NaN,0,0,0,0
2009-03-01,3.6,8,14.5,NaN,2.8,12.3,NaN,3.7,7.4,0,0,0,0,16.5,6,0,18.6,9,0,NaN,NaN,0.5,11,3.5
2009-04-01,6,2,0,0,8.7,6.2,4,4.4,4,5.9,7,0,4,3.5,3,NaN,7.5,1.5,8.5,NaN,5.6,2.2,0,8.3
2009-05-01,39.4,23.6,39,16.5,41.4,30.1,44,27.8,22,1.9,29,70.1,12,39.5,37.1,NaN,51.1,1.5,110,NaN,32.3,49.3,23.2,15.3
2009-06-01,121,83.5,120,156,110.2,121.6,121,88.8,144.4,51.2,43,132.8,31,178,118.2,143,114.1,70.7,232.3,NaN,97.7,130.8,69.4,64
2009-07-01,48.2,46.8,52,75.5,53.1,73.6,51,66.7,50.4,94.9,74,105.5,179,92,109.9,109.5,65.1,55.3,79.5,NaN,66.5,17.3,107.6,108.9
2009-08-01,99,142.5,87.3,85,82,88.4,365,158.1,100,126.3,48,46.7,85,103.3,51.5,270.1,98.3,110,168.5,NaN,88,110,120.7,117.3
2009-09-01,189.8,216.5,247,137,275.1,170.8,233,225.2,267.4,222.2,84,NaN,244,168,181.2,265,87.5,246.5,266.5,NaN,287.8,263.9,263.5,146.8
2009-10-01,130.5,33.9,165,33,21.3,173.3,121,59,74.4,38.5,0,NaN,0,52.5,47,NaN,85.4,25.3,50.5,NaN,82.8,23.2,50.1,134.9
2009-11-01,0.5,0,2.5,0,0,1.2,16,3.7,0.2,0,0,NaN,0,0,8.1,0,3.9,0.2,4.5,NaN,2.8,2.2,2.9,2.5
2009-12-01,13.4,14,16.5,3.5,4.3,11.1,34,7.9,10,13.9,10,NaN,0,5,13.7,NaN,13,11.6,23.5,NaN,18.2,8.3,25.5,14.4
2010-01-01,23.9,41.9,56.5,42.5,27.8,26.2,37,54.5,39.8,21.2,13,NaN,8,47,34,NaN,32.7,0,33,NaN,31.8,13.3,30.5,38.7
2010-02-01,159.8,90.4,153,130.5,158.6,157.7,199,161,167.2,178.3,64,NaN,160,188,141.8,NaN,191.2,139.9,182.5,NaN,NaN,122.7,142.1,135.9
2010-03-01,0,0,0,0,0,0,0,0,0,0,0,0,0,0,0,NaN,0.8,0,0,NaN,NaN,0,0,1
2010-04-01,1.2,0,4.5,6.4,2.8,0,0,0,2,1.8,0,1.5,0,8,0,NaN,6.3,0,2,NaN,0.8,0,2.9,1.2
2010-05-01,1.6,6.6,5.5,12,8.9,1.4,5,10.1,21.2,0,0,3,4,2.5,15.5,NaN,14.2,6.1,13,NaN,6,6.3,18,17.5
2010-06-01,45.2,62.8,35,93.5,66.3,49.5,206,45,28.1,158,67,35.3,9.1,23,31,NaN,52.5,64.9,146.5,NaN,36.2,68.7,48.2,45.1
2010-07-01,204.9,202.7,310.5,234.5,316.2,252.7,229,246.4,310,361.9,81,105.9,30,165.5,167.5,NaN,153.1,197.2,294,NaN,331.5,251,184.2,264.4
2010-08-01,118.2,50.8,112.5,99,120,102.5,102,87.7,143.2,108.4,169.5,53.2,4.1,156,56.6,NaN,95.2,52.1,175.2,NaN,76.4,74.8,104.3,105.8
2010-09-01,191.8,105.5,87.5,134.5,147.1,166.2,349,111,186.3,170.8,86,46,7.1,146.5,82.3,NaN,142,94,139.5,NaN,89.1,80.7,154.4,74.6
2010-10-01,0,0,0,0,0,0,0,0,0,0,0,0,0,0,0,NaN,0,0,0,NaN,0,0,1.3,0
2010-11-01,0,0,0,0,0,0,0,0,0,0,0,0,0,0,0,NaN,0,0,0,NaN,0,0,5,0
2010-12-01,0,0,0,0,0,0,0,54.5,0,0,0,0,0,0,0,NaN,0,0,0,NaN,0,0,0,0
2011-01-01,0.8,9.7,3,0,0.8,0.1,30,0.8,0.5,0,0,0,0,5.7,0,NaN,3.7,5.8,0,0,0.2,NaN,6,0
2011-02-01,0,0,0,0,0,0,0,0,0,0,0,0,0,0,0,0,0,0,0,0,0,NaN,0,0
2011-03-01,0,0,0,0,0,0,0,0,0,0.8,0,0,0,0,0,3,0,0,0,1.1,NaN,NaN,0,0.2
2011-04-01,3,2.8,0,7.5,2.5,3.8,0,0,8.7,0,0,0,0,1,0,NaN,37.3,0,38.5,4.5,0,NaN,13.4,2.5
2011-05-01,2.5,0,7.5,0,7.9,2.9,2,1.1,1.2,17.6,0,0,0,0,0,NaN,6.2,1.5,19,0.4,0.3,NaN,0,0
2011-06-01,40.6,37,56,47,36.7,64.7,42,55.6,35.7,51.5,49,7,48,63,59,NaN,26.1,55.6,66.5,39.4,32.9,NaN,NaN,36
2011-07-01,61.1,74.7,129,45,96.1,62.7,155,53.3,87,153.9,166.5,73.5,51,63.2,26.1,NaN,100.9,56.6,215,107.6,85.8,NaN,NaN,74.3
2011-08-01,112.4,101,78,93,80.8,73.8,102,111.8,96,136.7,146.5,59.2,18,88,41.5,NaN,36.5,54.2,172,76.4,60.7,NaN,122.6,49.1
2011-09-01,65.4,135.2,127,111.5,89,75.5,87,63.9,103.2,55.2,71.6,32,37,67,125.6,NaN,60.8,106.1,51.5,66.2,72.2,NaN,105.1,89.1
2011-10-01,2.8,26.7,42,46.5,52.7,16.8,112,27.5,20.4,78.5,92,17,66,15,30.2,NaN,28.9,13.3,88.5,16.8,23.1,NaN,24.3,27.7
2011-11-01,0,0,0,0,0,0,0,0,0,0,NaN,0,0,0,NaN,NaN,0.5,0,0,0.1,0.2,NaN,0,0
2011-12-01,0,0.1,0,63.5,1,0,1,0,0,0,0,0,0,0,0,NaN,0,0,0,0,0,NaN,0,0
2012-01-01,0,1.9,2,2,2.5,0.4,2,2.5,4,3,6,1,0,0.3,5.5,0,7.4,2.5,1.5,NaN,2.5,2.5,NaN,1
2012-02-01,65.3,68.3,112,65,60,83.9,35,72.6,75.2,39.7,101,24.3,74,56.6,NaN,81.8,113.6,74.6,64.1,93.4,NaN,93.9,94.7,95.8
2012-03-01,0,0,0,0,0,0,0,0,0,10.8,0,0,0,1,3.6,0.5,1,0,4,0.4,0,0.5,0,0
2012-04-01,0,0,1.5,0,0,0,20,0,0,0,0,0,0,8,0,0,2.7,0,0,0,0.3,0,0,0
2012-05-01,11.2,7.6,3,8,19.5,15,100,16.5,5.5,21.1,NaN,7.9,0,NaN,11,36.4,8.8,102.3,17,7.8,9.5,32.3,25.3,7.8
2012-06-01,106.3,85.6,92.5,122,174.4,63.5,42,101.3,88.8,143.6,NaN,38.5,57,NaN,85.4,143.5,55.3,102,NaN,74.5,85.7,112.8,223.9,78
2012-07-01,131.7,174,183.5,156,214.5,96.8,183,190,306.4,214.4,NaN,74.3,214,105,145.6,199.4,254.3,148.7,284.5,156.1,NaN,273.4,298,122.4
2012-08-01,46.2,78.7,68.5,109,108.6,55.5,165.5,70.6,116.4,178.3,229,22.5,57,114.5,95.1,150.5,82.9,95.2,139.5,71.6,38.2,96.2,113.1,94.6
2012-09-01,73.4,NaN,91,68,112.5,64.4,70,109.1,37.5,82.2,135.6,54,97,82,101.7,92,48.1,133.1,115.5,74,54.6,147.7,82,79.8
2012-10-01,25.1,19.8,24,44,5.7,2.5,25,55.3,4,34.8,14,9,11,12,39.8,61.1,6.1,15.6,18,13.5,17.2,19.2,10.9,5.3
2012-11-01,37.6,10.5,28.5,11,16.1,27.7,0,30,18.7,10.4,0,4,11,19,2.5,6,23.2,7.3,25,5.9,9.3,16.8,13.6,14
2012-12-01,10,11,12,7.5,6.9,8.8,0,4.3,8.2,12.6,0,0,0,4,5,0,9.3,8.4,14.5,15,14.6,0,0,11.5
2013-01-01,26.1,25.6,25.5,13.5,9.1,8.6,10,12.5,16.7,21.6,12.7,18,13,14,29.8,5.5,16.5,20.9,20,NaN,19.5,17.4,20.1,14.3
2013-02-01,0,0,0,0,0,0,0,0,0,0,0,0,0,0,0,0,0,0,0,NaN,NaN,0,0,0
2013-03-01,0,0,0,0,9,0,0,0,0,0,0,0,0,0,4.6,0,0,0,0,0,0.7,0,0,0
2013-04-01,0,0,0,0,0,0,0,0,0,0,0,0,0,0,0,0,0,0,0,NaN,0,0,0,2
2013-05-01,4.9,20.1,24,11.5,13.6,13.6,183,19.5,4.6,30,16.5,38,1.5,12,9.7,37.5,15.5,11.4,20.5,NaN,8.4,62.9,19.9,5.9
2013-06-01,34.2,98.5,63,174,84,47.6,74,95.8,73.8,133.9,65.4,137.5,137,113.8,65.2,113,123.6,136.8,133.5,81.9,77.5,86.4,85.1,66.4
2013-07-01,253.2,276.1,297,244.5,195.5,257.3,326,378.9,233.5,235.8,268,220,311,202,205.5,343.8,189.6,258.5,398.7,198.3,254.5,271.6,289.4,209
2013-08-01,81.5,80.5,71.5,102.5,112,79.6,64,72.3,72.1,144.6,118.4,120,116,121,37.9,131,100.7,73.3,134.5,41.9,63.4,135.9,66,66
2013-09-01,244.1,250.9,207.5,253,164.6,223.1,187,NaN,207.4,188.5,200.9,198,162,188,NaN,161.5,121.5,191.5,226.5,136.9,135.2,225.2,251.5,257.6
2013-10-01,68.1,71.7,117,27,80.4,91.6,64.5,NaN,82.1,0,34,40,21,44,32.6,46.9,28.8,69.1,131.8,26.7,20.2,51.5,65.4,79.1
2013-11-01,39.2,32.3,16,12.5,65,34.3,139,NaN,23.2,6.6,23.5,25,12,30,38.7,28,39.1,29.8,11.5,5.5,24.4,18.7,24.2,31.1
2013-12-01,75.2,71.4,88,35,50.8,69.2,148,NaN,63,31.8,0,33,27.5,32,73.9,86.5,109.3,68.8,73.5,71,84.2,119,146.3,74.9
2014-01-01,0,0,1.5,0,0,0,50,1.5,0,0.4,0,39,0,1,2.9,0,4.8,0.5,7,NaN,14.5,77,28.6,NaN
2014-02-01,0,0,0,0,0,0,0,0,0,0,0,4,0,0,0,0,0,0,0,0,0,0,7,NaN
2014-03-01,0,0,0,0,0,1.5,0,0,0.8,1.2,6,34,0,0,0,0,5.3,0.5,0,0.8,1.9,0.5,1.3,NaN
2014-04-01,6.2,7.3,8,3.5,3.2,6.4,6,21.1,6.6,3.8,22.6,10,0,4,0,3,18.2,6.3,18,0.5,1.6,6.6,10,NaN
2014-05-01,118.7,66.3,95.5,103,163.7,101.5,51.5,113.6,81.3,113.2,143.9,130,76,90,103.1,174.5,131.5,58.8,149,70.3,83.9,80.4,90.9,NaN
2014-06-01,134.8,110.5,178.5,143,277.1,197.2,185,96.4,119.5,197.2,248.8,121,150.6,149.5,176,210.5,238.5,88.9,377.5,101.1,149,124,196.5,NaN
2014-07-01,115.5,178.8,143.7,NaN,103,137,137,118.6,150.3,243.8,182,NaN,213.5,182,256.4,228.3,97.6,149,167,156,150.1,NaN,191.5,NaN
2014-08-01,119.9,58.3,97,71,132.8,114.3,128,51.6,87,93.5,106.7,NaN,83,76,117.7,171.9,147.2,57.6,183,69.3,54.8,76.5,75.7,NaN
2014-09-01,79.9,85.7,131.5,109,49.4,129.5,142.6,67.5,107.4,54,75.8,NaN,95.5,83,76.9,130.1,114,63.2,136.5,104.5,102.1,122.5,107.3,NaN
2014-10-01,113,81.5,113,95.5,59.2,109.4,119,71.6,62.1,60.9,45.2,NaN,94,87,67.3,121.5,73.2,52.1,86,66.6,86.6,9,121,NaN
2014-11-01,10.9,12.2,9,18,12.6,13.5,12.5,10.1,8.8,6.7,13.2,NaN,16.6,3,13.6,10,10.5,10.4,20.5,25.4,24.5,NaN,13.7,NaN
2014-12-01,6,3.4,12,6,0,10.9,13,6.4,6.7,0,9.5,0,8,0,8,11,5.5,5.5,1,5.6,6,NaN,2.7,NaN
