"Mes","11040","SerieModelo","SerieModeloEnt","RCP4.5","RCP6.0","RCP8.5","ConfModelo.SerieModeloEnt","ConfModelo.SerieModeloEnt","Conf4.5.RCP4.5","Conf4.5.RCP4.5","Conf6.0.RCP6.0","Conf6.0.RCP6.0","Conf8.5.RCP8.5","Conf8.5.RCP8.5"
1982-03-01,0,20.7073974888772,13.2211429748055,NaN,NaN,NaN,6.39710746972263,20.0451784798884,NaN,NaN,NaN,NaN,NaN,NaN
1982-04-01,17.4,75.5271156085655,11.6919494311613,NaN,NaN,NaN,4.86791392607847,18.5159849362442,NaN,NaN,NaN,NaN,NaN,NaN
1982-05-01,28.3,86.9478631066158,20.0546698143573,NaN,NaN,NaN,13.2306343092745,26.8787053194402,NaN,NaN,NaN,NaN,NaN,NaN
1982-06-01,19.3,199.850228615105,85.5321966907879,NaN,NaN,NaN,78.7081611857051,92.3562321958708,NaN,NaN,NaN,NaN,NaN,NaN
1982-07-01,147.2,164.748917799443,145.595313480662,NaN,NaN,NaN,138.771277975579,152.419348985745,NaN,NaN,NaN,NaN,NaN,NaN
1982-08-01,50.4,333.263506181538,151.491107288081,NaN,NaN,NaN,144.667071782998,158.315142793164,NaN,NaN,NaN,NaN,NaN,NaN
1982-09-01,11.4,203.579519642517,126.166933276492,NaN,NaN,NaN,119.34289777141,132.990968781575,NaN,NaN,NaN,NaN,NaN,NaN
1982-10-01,72.5,2.01461791402835,36.5258598691365,NaN,NaN,NaN,29.7018243640536,43.3498953742194,NaN,NaN,NaN,NaN,NaN,NaN
1982-11-01,55.5,2.6205827089143,31.380739817466,NaN,NaN,NaN,24.5567043123831,38.2047753225489,NaN,NaN,NaN,NaN,NaN,NaN
1982-12-01,28.2,105.873643071391,67.5489619055121,NaN,NaN,NaN,60.7249264004292,74.3729974105949,NaN,NaN,NaN,NaN,NaN,NaN
1983-01-01,25.4,37.8618618124165,25.339277183519,NaN,NaN,NaN,18.5152416784361,32.1633126886018,NaN,NaN,NaN,NaN,NaN,NaN
1983-02-01,2,37.9084395244718,26.149441352594,NaN,NaN,NaN,19.3254058475111,32.9734768576768,NaN,NaN,NaN,NaN,NaN,NaN
1983-03-01,0,13.8083267229376,0,NaN,NaN,NaN,0,2.14637089752525,NaN,NaN,NaN,NaN,NaN,NaN
1983-04-01,0,8.68057277693879,13.8540995410892,NaN,NaN,NaN,7.03006403600632,20.6781350461721,NaN,NaN,NaN,NaN,NaN,NaN
1983-05-01,36.1,3.7859345866309,18.6038792019644,NaN,NaN,NaN,11.7798436968815,25.4279147070472,NaN,NaN,NaN,NaN,NaN,NaN
1983-06-01,74.6,147.734299767762,82.2461136836156,NaN,NaN,NaN,75.4220781785327,89.0701491886985,NaN,NaN,NaN,NaN,NaN,NaN
1983-07-01,134.5,311.727224383503,186.671286277853,NaN,NaN,NaN,179.84725077277,193.495321782936,NaN,NaN,NaN,NaN,NaN,NaN
1983-08-01,49.5,511.427521705627,92.9731584408764,NaN,NaN,NaN,86.1491229357935,99.7971939459593,NaN,NaN,NaN,NaN,NaN,NaN
1983-09-01,151.6,175.377160543576,122.43730189218,NaN,NaN,NaN,115.613266387097,129.261337397263,NaN,NaN,NaN,NaN,NaN,NaN
1983-10-01,15.6,34.4122704409529,24.5941673044276,NaN,NaN,NaN,17.7701317993447,31.4182028095104,NaN,NaN,NaN,NaN,NaN,NaN
1983-11-01,47.5,15.9526058851043,30.6304394717874,NaN,NaN,NaN,23.8064039667045,37.4544749768703,NaN,NaN,NaN,NaN,NaN,NaN
1983-12-01,4.1,185.02658768557,119.124858967622,NaN,NaN,NaN,112.300823462539,125.948894472705,NaN,NaN,NaN,NaN,NaN,NaN
1984-01-01,15.2,101.864772615954,27.5890981806173,NaN,NaN,NaN,20.7650626755344,34.4131336857002,NaN,NaN,NaN,NaN,NaN,NaN
1984-02-01,16.1,56.92748806905,40.592143583537,NaN,NaN,NaN,33.7681080784541,47.4161790886199,NaN,NaN,NaN,NaN,NaN,NaN
1984-03-01,0,52.2193908691406,22.9431025117209,NaN,NaN,NaN,16.119067006638,29.7671380168038,NaN,NaN,NaN,NaN,NaN,NaN
1984-04-01,0,0.429725650519686,0,NaN,NaN,NaN,0,4.6104055035942,NaN,NaN,NaN,NaN,NaN,NaN
1984-05-01,20,9.75276952522108,17.5517885975347,NaN,NaN,NaN,10.7277530924518,24.3758241026175,NaN,NaN,NaN,NaN,NaN,NaN
1984-06-01,104,181.903377408162,92.4453374797997,NaN,NaN,NaN,85.6213019747168,99.2693729848826,NaN,NaN,NaN,NaN,NaN,NaN
1984-07-01,197,303.243263158947,183.964620812102,NaN,NaN,NaN,177.140585307019,190.788656317185,NaN,NaN,NaN,NaN,NaN,NaN
1984-08-01,156,279.842269839719,122.440178839314,NaN,NaN,NaN,115.616143334231,129.264214344397,NaN,NaN,NaN,NaN,NaN,NaN
1984-09-01,45.6,250.987360719591,69.7559751799824,NaN,NaN,NaN,62.9319396748995,76.5800106850652,NaN,NaN,NaN,NaN,NaN,NaN
1984-10-01,5.9,24.9959558132105,0,NaN,NaN,NaN,0,5.87681029714261,NaN,NaN,NaN,NaN,NaN,NaN
1984-11-01,0,12.96924543567,8.72701041920049,NaN,NaN,NaN,1.90297491411761,15.5510459242834,NaN,NaN,NaN,NaN,NaN,NaN
1984-12-01,5.7,16.4654156978941,4.71344799038828,NaN,NaN,NaN,0,11.5374834954712,NaN,NaN,NaN,NaN,NaN,NaN
1985-01-01,2.9,109.183390508406,16.9502581421179,NaN,NaN,NaN,10.126222637035,23.7742936472008,NaN,NaN,NaN,NaN,NaN,NaN
1985-02-01,1.2,32.5011061504483,11.0988170768526,NaN,NaN,NaN,4.2747815717697,17.9228525819355,NaN,NaN,NaN,NaN,NaN,NaN
1985-03-01,3.4,6.76940907578683,1.73189466862627,NaN,NaN,NaN,0,8.55593017370915,NaN,NaN,NaN,NaN,NaN,NaN
1985-04-01,3.1,0.755996719817631,0,NaN,NaN,NaN,0,4.1590287954111,NaN,NaN,NaN,NaN,NaN,NaN
1985-05-01,12.5,0.942420944738842,10.2442766288377,NaN,NaN,NaN,3.42024112375478,17.0683121339205,NaN,NaN,NaN,NaN,NaN,NaN
1985-06-01,168.7,114.870416466147,155.378058803694,NaN,NaN,NaN,148.554023298612,162.202094308777,NaN,NaN,NaN,NaN,NaN,NaN
1985-07-01,94,171.787843108177,182.431415642815,NaN,NaN,NaN,175.607380137732,189.255451147898,NaN,NaN,NaN,NaN,NaN,NaN
1985-08-01,80.9,365.940871182829,70.1479239006417,NaN,NaN,NaN,63.3238883955589,76.9719594057246,NaN,NaN,NaN,NaN,NaN,NaN
1985-09-01,98.4,240.9183899872,54.8328986360722,NaN,NaN,NaN,48.0088631309893,61.6569341411551,NaN,NaN,NaN,NaN,NaN,NaN
1985-10-01,48.5,5.23109456116799,39.1444991106298,NaN,NaN,NaN,32.3204636055469,45.9685346157127,NaN,NaN,NaN,NaN,NaN,NaN
1985-11-01,7.8,2.01461791402835,33.4647933638432,NaN,NaN,NaN,26.6407578587604,40.2888288689261,NaN,NaN,NaN,NaN,NaN,NaN
1985-12-01,2.7,7.65506748575717,12.817840910177,NaN,NaN,NaN,5.99380540509414,19.6418764152599,NaN,NaN,NaN,NaN,NaN,NaN
1986-01-01,0,5.32424939592602,0,NaN,NaN,NaN,0,0,NaN,NaN,NaN,NaN,NaN,NaN
1986-02-01,0,1.45523068385955,6.04207801892079,NaN,NaN,NaN,0,12.8661135240037,NaN,NaN,NaN,NaN,NaN,NaN
1986-03-01,0,5.69721232750453,0,NaN,NaN,NaN,0,0,NaN,NaN,NaN,NaN,NaN,NaN
1986-04-01,2.2,4.53186044978793,0,NaN,NaN,NaN,0,6.41987494008819,NaN,NaN,NaN,NaN,NaN,NaN
1986-05-01,36.9,46.066130453255,35.7532376227306,NaN,NaN,NaN,28.9292021176477,42.5772731278135,NaN,NaN,NaN,NaN,NaN,NaN
1986-06-01,206.2,108.950270921923,149.211939420457,NaN,NaN,NaN,142.387903915374,156.03597492554,NaN,NaN,NaN,NaN,NaN,NaN
1986-07-01,132.6,436.842945870012,143.598132837866,NaN,NaN,NaN,136.774097332783,150.422168342949,NaN,NaN,NaN,NaN,NaN,NaN
1986-08-01,109,186.098794452846,147.58696480989,NaN,NaN,NaN,140.762929304807,154.411000314973,NaN,NaN,NaN,NaN,NaN,NaN
1986-09-01,73.9,126.850549131632,64.204291909142,NaN,NaN,NaN,57.3802564040591,71.0283274142248,NaN,NaN,NaN,NaN,NaN,NaN
1986-10-01,89.6,24.1102979925927,12.8251688829169,NaN,NaN,NaN,6.00113337783399,19.6492043879997,NaN,NaN,NaN,NaN,NaN,NaN
1986-11-01,31.3,16.1390298890183,10.0427811832112,NaN,NaN,NaN,3.21874567812833,16.8668166882941,NaN,NaN,NaN,NaN,NaN,NaN
1986-12-01,0,197.752642678097,78.990657723164,NaN,NaN,NaN,72.1666222180811,85.8146932282469,NaN,NaN,NaN,NaN,NaN,NaN
1987-01-01,12.8,164.003108628094,36.6260477960412,NaN,NaN,NaN,29.8020122909583,43.4500833011241,NaN,NaN,NaN,NaN,NaN,NaN
1987-02-01,10.1,46.066130453255,16.8642413813062,NaN,NaN,NaN,10.0402058762234,23.6882768863891,NaN,NaN,NaN,NaN,NaN,NaN
1987-03-01,1.2,68.0685429833829,11.6229123646289,NaN,NaN,NaN,4.79887685954601,18.4469478697118,NaN,NaN,NaN,NaN,NaN,NaN
1987-04-01,15.9,54.9230575561523,15.3392034410174,NaN,NaN,NaN,8.51516793593449,22.1632389461002,NaN,NaN,NaN,NaN,NaN,NaN
1987-05-01,18.9,32.0815649174619,14.8841742445388,NaN,NaN,NaN,8.06013873945595,21.7082097496217,NaN,NaN,NaN,NaN,NaN,NaN
1987-06-01,86.8,65.1318745804019,80.8445551763115,NaN,NaN,NaN,74.0205196712287,87.6685906813944,NaN,NaN,NaN,NaN,NaN,NaN
1987-07-01,186.5,230.057027656585,138.072707385219,NaN,NaN,NaN,131.248671880136,144.896742890302,NaN,NaN,NaN,NaN,NaN,NaN
1987-08-01,137.3,181.949959835038,126.920251432904,NaN,NaN,NaN,120.096215927821,133.744286937986,NaN,NaN,NaN,NaN,NaN,NaN
1987-09-01,131.2,289.724816568196,86.6632538107574,NaN,NaN,NaN,79.8392183056745,93.4872893158403,NaN,NaN,NaN,NaN,NaN,NaN
1987-10-01,0,11.8970492767403,14.1615423411396,NaN,NaN,NaN,7.3375068360567,20.9855778462225,NaN,NaN,NaN,NaN,NaN,NaN
1987-11-01,7.7,21.779479313409,7.97212471799818,NaN,NaN,NaN,1.14808921291531,14.7961602230811,NaN,NaN,NaN,NaN,NaN,NaN
1987-12-01,0,18.7028502841713,1.20652117428018,NaN,NaN,NaN,0,8.03055667936305,NaN,NaN,NaN,NaN,NaN,NaN
1988-01-01,2.8,94.2664715694264,23.6788101783163,NaN,NaN,NaN,16.8547746732335,30.5028456833992,NaN,NaN,NaN,NaN,NaN,NaN
1988-02-01,0,28.6785512580536,0.718917447785831,NaN,NaN,NaN,0,7.54295295286871,NaN,NaN,NaN,NaN,NaN,NaN
1988-03-01,50.4,12.5962830934441,15.8954623976812,NaN,NaN,NaN,9.07142689259837,22.7194979027641,NaN,NaN,NaN,NaN,NaN,NaN
1988-04-01,5.3,6.21002214029431,7.9000714981229,NaN,NaN,NaN,1.07603599304002,14.7241070032058,NaN,NaN,NaN,NaN,NaN,NaN
1988-05-01,3.8,64.7123357048258,8.18939761225942,NaN,NaN,NaN,1.36536210717654,15.0134331173423,NaN,NaN,NaN,NaN,NaN,NaN
1988-06-01,58.2,39.1670608660206,70.7737700428157,NaN,NaN,NaN,63.9497345377328,77.5978055478985,NaN,NaN,NaN,NaN,NaN,NaN
1988-07-01,289.9,149.272613693029,126.016284530734,NaN,NaN,NaN,119.192249025651,132.840320035817,NaN,NaN,NaN,NaN,NaN,NaN
1988-08-01,232.6,172.253950266168,178.805298686541,NaN,NaN,NaN,171.981263181458,185.629334191624,NaN,NaN,NaN,NaN,NaN,NaN
1988-09-01,58.9,174.21180778183,102.388921870143,NaN,NaN,NaN,95.5648863650605,109.212957375226,NaN,NaN,NaN,NaN,NaN,NaN
1988-10-01,4.4,88.0666334414855,17.307658709002,NaN,NaN,NaN,10.4836232039192,24.1316942140849,NaN,NaN,NaN,NaN,NaN,NaN
1988-11-01,1.4,5.69721232750453,0,NaN,NaN,NaN,0,0.348985410447104,NaN,NaN,NaN,NaN,NaN,NaN
1988-12-01,15.1,24.3434152216651,0.035650868095376,NaN,NaN,NaN,0,6.85968637317825,NaN,NaN,NaN,NaN,NaN,NaN
1989-01-01,0,30.589828704251,62.5071421454874,NaN,NaN,NaN,55.6831066404045,69.3311776505703,NaN,NaN,NaN,NaN,NaN,NaN
1989-02-01,0,10.4520039312774,3.85709208051621,NaN,NaN,NaN,0,10.6811275855991,NaN,NaN,NaN,NaN,NaN,NaN
1989-03-01,0,2.06119533140736,19.6831705956104,NaN,NaN,NaN,12.8591350905275,26.5072061006932,NaN,NaN,NaN,NaN,NaN,NaN
1989-04-01,22.6,7.79491436696844,18.124636432155,NaN,NaN,NaN,11.3006009270722,24.9486719372379,NaN,NaN,NaN,NaN,NaN,NaN
1989-05-01,4.5,0.103340145528819,27.7737240664154,NaN,NaN,NaN,20.9496885613325,34.5977595714983,NaN,NaN,NaN,NaN,NaN,NaN
1989-06-01,101.4,95.8979409188032,107.768762398676,NaN,NaN,NaN,100.944726893593,114.592797903759,NaN,NaN,NaN,NaN,NaN,NaN
1989-07-01,73.4,260.8232118655,87.7271518102656,NaN,NaN,NaN,80.9031163051827,94.5511873153485,NaN,NaN,NaN,NaN,NaN,NaN
1989-08-01,232.6,166.846616892144,169.895984518542,NaN,NaN,NaN,163.071949013459,176.720020023624,NaN,NaN,NaN,NaN,NaN,NaN
1989-09-01,47.4,272.710198536515,88.2733030676266,NaN,NaN,NaN,81.4492675625437,95.0973385727095,NaN,NaN,NaN,NaN,NaN,NaN
1989-10-01,6.5,68.7211967306212,10.2818231139693,NaN,NaN,NaN,3.45778760888643,17.1058586190522,NaN,NaN,NaN,NaN,NaN,NaN
1989-11-01,0,52.9186270432547,8.2800950628314,NaN,NaN,NaN,1.45605955774852,15.1041305679143,NaN,NaN,NaN,NaN,NaN,NaN
1989-12-01,20.6,94.6393195772544,28.3886364485439,NaN,NaN,NaN,21.564600943461,35.2126719536267,NaN,NaN,NaN,NaN,NaN,NaN
1990-01-01,4.5,48.0239879689179,12.2346152876016,NaN,NaN,NaN,5.41057978251875,19.0586507926845,NaN,NaN,NaN,NaN,NaN,NaN
1990-02-01,9.9,38.9806368621066,13.1527058024325,NaN,NaN,NaN,6.32867029734967,19.9767413075154,NaN,NaN,NaN,NaN,NaN,NaN
1990-03-01,0,40.2392582036555,8.85367110376164,NaN,NaN,NaN,2.02963559867877,15.6777066088445,NaN,NaN,NaN,NaN,NaN,NaN
1990-04-01,2.2,3.55293287066161,14.6647001228622,NaN,NaN,NaN,7.84066461777928,21.488735627945,NaN,NaN,NaN,NaN,NaN,NaN
1990-05-01,53.8,0.0567626959195877,46.529593252341,NaN,NaN,NaN,39.7055577472581,53.3536287574239,NaN,NaN,NaN,NaN,NaN,NaN
1990-06-01,88.9,60.2838132181205,85.6121024826174,NaN,NaN,NaN,78.7880669775345,92.4361379877003,NaN,NaN,NaN,NaN,NaN,NaN
1990-07-01,207.3,233.133655507118,183.964277443457,NaN,NaN,NaN,177.140241938374,190.788312948539,NaN,NaN,NaN,NaN,NaN,NaN
1990-08-01,207.3,283.198580844328,186.671286277853,NaN,NaN,NaN,179.84725077277,193.495321782936,NaN,NaN,NaN,NaN,NaN,NaN
1990-09-01,119,203.299836488441,126.162838465403,NaN,NaN,NaN,119.33880296032,132.986873970486,NaN,NaN,NaN,NaN,NaN,NaN
1990-10-01,138.7,107.411956996657,54.2275596983761,NaN,NaN,NaN,47.4035241932933,61.051595203459,NaN,NaN,NaN,NaN,NaN,NaN
1990-11-01,0,55.8087177341804,21.9517112017258,NaN,NaN,NaN,15.1276756966429,28.7757467068087,NaN,NaN,NaN,NaN,NaN,NaN
1990-12-01,0,38.5610956291202,0.0993868917696568,NaN,NaN,NaN,0,6.92342239685253,NaN,NaN,NaN,NaN,NaN,NaN
1991-01-01,1.3,69.4204329047352,43.6652709983285,NaN,NaN,NaN,36.8412354932457,50.4893065034114,NaN,NaN,NaN,NaN,NaN,NaN
1991-02-01,17.7,15.6263355893316,15.9534455150079,NaN,NaN,NaN,9.12941000992502,22.7774810200908,NaN,NaN,NaN,NaN,NaN,NaN
1991-03-01,0,9.51965347485384,8.33263996640229,NaN,NaN,NaN,1.50860446131941,15.1566754714852,NaN,NaN,NaN,NaN,NaN,NaN
1991-04-01,0,13.9481730147963,0,NaN,NaN,NaN,0,2.66512716107285,NaN,NaN,NaN,NaN,NaN,NaN
1991-05-01,0,21.6863238892984,14.1930190462749,NaN,NaN,NaN,7.36898354119207,21.0170545513578,NaN,NaN,NaN,NaN,NaN,NaN
1991-06-01,52.8,0.196609489648836,59.1496287971249,NaN,NaN,NaN,52.325593292042,65.9736643022077,NaN,NaN,NaN,NaN,NaN,NaN
1991-07-01,316.3,231.222493574023,206.960175147399,NaN,NaN,NaN,200.136139642316,213.784210652481,NaN,NaN,NaN,NaN,NaN,NaN
1991-08-01,144.9,230.709690833464,183.930501104458,NaN,NaN,NaN,177.106465599375,190.754536609541,NaN,NaN,NaN,NaN,NaN,NaN
1991-09-01,139.3,240.21927639842,133.508297862432,NaN,NaN,NaN,126.684262357349,140.332333367515,NaN,NaN,NaN,NaN,NaN,NaN
1991-10-01,12.6,7.88818353612442,0,NaN,NaN,NaN,0,1.77733822347392,NaN,NaN,NaN,NaN,NaN,NaN
1991-11-01,8.5,57.7199928229675,44.1018191062496,NaN,NaN,NaN,37.2777836011667,50.9258546113325,NaN,NaN,NaN,NaN,NaN,NaN
1991-12-01,4.9,117.574083153158,17.6436339211382,NaN,NaN,NaN,10.8195984160553,24.4676694262211,NaN,NaN,NaN,NaN,NaN,NaN
1992-01-01,105.3,10.0790404103464,50.9083689809548,NaN,NaN,NaN,44.0843334758719,57.7324044860376,NaN,NaN,NaN,NaN,NaN,NaN
1992-02-01,15,50.3548066481017,40.5887399106419,NaN,NaN,NaN,33.7647044055591,47.4127754157248,NaN,NaN,NaN,NaN,NaN,NaN
1992-03-01,3.9,164.469215786085,68.6724446855793,NaN,NaN,NaN,61.8484091804964,75.4964801906622,NaN,NaN,NaN,NaN,NaN,NaN
1992-04-01,8.6,27.0470819086768,16.5290533431357,NaN,NaN,NaN,9.70501783805287,23.3530888482186,NaN,NaN,NaN,NaN,NaN,NaN
1992-05-01,50.4,117.574083153158,51.9268534029511,NaN,NaN,NaN,45.1028178978682,58.750888908034,NaN,NaN,NaN,NaN,NaN,NaN
1992-06-01,64.7,110.115623683669,59.9800632745054,NaN,NaN,NaN,53.1560277694225,66.8040987795883,NaN,NaN,NaN,NaN,NaN,NaN
1992-07-01,205.4,285.575981950387,88.2733030676266,NaN,NaN,NaN,81.4492675625437,95.0973385727095,NaN,NaN,NaN,NaN,NaN,NaN
1992-08-01,82.7,256.72107283026,122.446120253701,NaN,NaN,NaN,115.622084748618,129.270155758784,NaN,NaN,NaN,NaN,NaN,NaN
1992-09-01,65.6,249.588888371363,69.6153024549877,NaN,NaN,NaN,62.7912669499049,76.4393379600706,NaN,NaN,NaN,NaN,NaN,NaN
1992-10-01,86,44.3879702361301,62.5062488499726,NaN,NaN,NaN,55.6822133448898,69.3302843550555,NaN,NaN,NaN,NaN,NaN,NaN
1992-11-01,28.8,17.0713809347944,8.62303121672783,NaN,NaN,NaN,1.79899571164495,15.4470667218107,NaN,NaN,NaN,NaN,NaN,NaN
1992-12-01,NaN,15.346641826909,9.89769137541533,NaN,NaN,NaN,3.07365587033246,16.7217268804982,NaN,NaN,NaN,NaN,NaN,NaN
1993-01-01,NaN,86.1553583526984,60.3141415514601,NaN,NaN,NaN,53.4901060463773,67.138177056543,NaN,NaN,NaN,NaN,NaN,NaN
1993-02-01,0,2.85369875928154,0,NaN,NaN,NaN,0,5.25166020153144,NaN,NaN,NaN,NaN,NaN,NaN
1993-03-01,0,19.3089298554696,15.8950011144829,NaN,NaN,NaN,9.07096560940001,22.7190366195658,NaN,NaN,NaN,NaN,NaN,NaN
1993-04-01,17.5,0.196609489648836,8.5853650789766,NaN,NaN,NaN,1.76132957389373,15.4094005840595,NaN,NaN,NaN,NaN,NaN,NaN
1993-05-01,9.5,14.5541382516967,15.8942840356829,NaN,NaN,NaN,9.07024853060001,22.7183195407658,NaN,NaN,NaN,NaN,NaN,NaN
1993-06-01,92.3,224.276733119041,90.4292817109802,NaN,NaN,NaN,83.6052462058974,97.2533172160631,NaN,NaN,NaN,NaN,NaN,NaN
1993-07-01,131.7,144.191555329598,142.778031712752,NaN,NaN,NaN,135.953996207669,149.602067217835,NaN,NaN,NaN,NaN,NaN,NaN
1993-08-01,51.8,120.277862995863,71.7023983697893,NaN,NaN,NaN,64.8783628647064,78.5264338748722,NaN,NaN,NaN,NaN,NaN,NaN
1993-09-01,140.2,113.145678536966,159.991652204037,NaN,NaN,NaN,153.167616698954,166.81568770912,NaN,NaN,NaN,NaN,NaN,NaN
1993-10-01,127.9,70.4926302423701,104.472284714018,NaN,NaN,NaN,97.6482492089351,111.296320219101,NaN,NaN,NaN,NaN,NaN,NaN
1993-11-01,0,2.52731324508204,6.3960254880748,NaN,NaN,NaN,0,13.2200609931577,NaN,NaN,NaN,NaN,NaN,NaN
1993-12-01,0,5.51078773423797,0.807706494596307,NaN,NaN,NaN,0,7.63174199967918,NaN,NaN,NaN,NaN,NaN,NaN
1994-01-01,0,12.6895528519526,8.75178291502852,NaN,NaN,NaN,1.92774740994565,15.5758184201114,NaN,NaN,NaN,NaN,NaN,NaN
1994-02-01,0,6.90925595699809,1.89251482425956,NaN,NaN,NaN,0,8.71655032934244,NaN,NaN,NaN,NaN,NaN,NaN
1994-03-01,0,35.9040066541638,2.55018523977711,NaN,NaN,NaN,0,9.37422074485999,NaN,NaN,NaN,NaN,NaN,NaN
1994-04-01,6.9,18.1901548057795,16.7678079490574,NaN,NaN,NaN,9.94377244397451,23.5918434541403,NaN,NaN,NaN,NaN,NaN,NaN
1994-05-01,5.3,296.996729448438,25.9978443368169,NaN,NaN,NaN,19.1738088317341,32.8218798418998,NaN,NaN,NaN,NaN,NaN,NaN
1994-06-01,168.7,202.740432461724,170.864796435775,NaN,NaN,NaN,164.040760930692,177.688831940858,NaN,NaN,NaN,NaN,NaN,NaN
1994-07-01,83.5,201.66824455373,113.507383649742,NaN,NaN,NaN,106.683348144659,120.331419154825,NaN,NaN,NaN,NaN,NaN,NaN
1994-08-01,221.2,94.4063225761056,175.928791203196,NaN,NaN,NaN,169.104755698113,182.752826708279,NaN,NaN,NaN,NaN,NaN,NaN
1994-09-01,72.3,96.9235652592033,124.069081560087,NaN,NaN,NaN,117.245046055004,130.89311706517,NaN,NaN,NaN,NaN,NaN,NaN
1994-10-01,31.9,1.03569033490203,51.4259356220946,NaN,NaN,NaN,44.6019001170118,58.2499711271775,NaN,NaN,NaN,NaN,NaN,NaN
1994-11-01,4.4,7.60848977370188,15.8269780967922,NaN,NaN,NaN,9.00294259170937,22.6510136018751,NaN,NaN,NaN,NaN,NaN,NaN
1994-12-01,0,19.8683173803147,9.04652484677748,NaN,NaN,NaN,2.2224893416946,15.8705603518604,NaN,NaN,NaN,NaN,NaN,NaN
1995-01-01,1.2,4.25216668736539,5.11966265328239,NaN,NaN,NaN,0,11.9436981583653,NaN,NaN,NaN,NaN,NaN,NaN
1995-02-01,3.1,11.2910840398399,6.99654542464309,NaN,NaN,NaN,0.172509919560213,13.820580929726,NaN,NaN,NaN,NaN,NaN,NaN
1995-03-01,0,17.9570387554122,17.521735418409,NaN,NaN,NaN,10.6976999133261,24.3457709234919,NaN,NaN,NaN,NaN,NaN,NaN
1995-04-01,0,12.3631670430768,18.4315697952108,NaN,NaN,NaN,11.607534290128,25.2556053002937,NaN,NaN,NaN,NaN,NaN,NaN
1995-05-01,16.6,2.71385187807027,24.0623884183221,NaN,NaN,NaN,17.2383529132393,30.886423923405,NaN,NaN,NaN,NaN,NaN,NaN
1995-06-01,75.5,28.958243841771,75.2463814070465,NaN,NaN,NaN,68.4223459019636,82.0704169121294,NaN,NaN,NaN,NaN,NaN,NaN
1995-07-01,216.1,252.199409063905,171.17701062953,NaN,NaN,NaN,164.352975124447,178.001046134613,NaN,NaN,NaN,NaN,NaN,NaN
1995-08-01,204.1,196.727018337697,206.525987654497,NaN,NaN,NaN,199.701952149415,213.35002315958,NaN,NaN,NaN,NaN,NaN,NaN
1995-09-01,165.2,180.691329063848,206.973450226876,NaN,NaN,NaN,200.149414721793,213.797485731959,NaN,NaN,NaN,NaN,NaN,NaN
1995-10-01,9.2,17.8171924635535,0,NaN,NaN,NaN,0,0,NaN,NaN,NaN,NaN,NaN,NaN
1995-11-01,3.6,14.973678305978,15.8949664247459,NaN,NaN,NaN,9.07093091966301,22.7190019298288,NaN,NaN,NaN,NaN,NaN,NaN
1995-12-01,12.7,32.5476838625036,10.8475205627246,NaN,NaN,NaN,4.02348505764173,17.6715560678075,NaN,NaN,NaN,NaN,NaN,NaN
1996-01-01,0,95.7115169148892,7.42113069316231,NaN,NaN,NaN,0.597095188079436,14.2451661982452,NaN,NaN,NaN,NaN,NaN,NaN
1996-02-01,0,22.6652526471298,2.82687296488374,NaN,NaN,NaN,0,9.65090846996661,NaN,NaN,NaN,NaN,NaN,NaN
1996-03-01,0,22.6652526471298,0,NaN,NaN,NaN,0,0,NaN,NaN,NaN,NaN,NaN,NaN
1996-04-01,0,2.24761962999764,12.3779999384812,NaN,NaN,NaN,5.55396443339828,19.202035443564,NaN,NaN,NaN,NaN,NaN,NaN
1996-05-01,32.3,12.8759768558666,18.1219399315282,NaN,NaN,NaN,11.2979044264453,24.9459754366111,NaN,NaN,NaN,NaN,NaN,NaN
1996-06-01,60.8,262.920910958201,91.1080185165388,NaN,NaN,NaN,84.283983011456,97.9320540216217,NaN,NaN,NaN,NaN,NaN,NaN
1996-07-01,81.1,339.090496301651,69.6153924849553,NaN,NaN,NaN,62.7913569798724,76.4394279900381,NaN,NaN,NaN,NaN,NaN,NaN
1996-08-01,144.8,283.804548438638,106.980600769468,NaN,NaN,NaN,100.156565264385,113.804636274551,NaN,NaN,NaN,NaN,NaN,NaN
1996-09-01,94.2,151.60331921652,86.0424868900263,NaN,NaN,NaN,79.2184513849434,92.8665223951092,NaN,NaN,NaN,NaN,NaN,NaN
1996-10-01,94.6,83.3584230858833,100.048300098376,NaN,NaN,NaN,93.2242645932928,106.872335603459,NaN,NaN,NaN,NaN,NaN,NaN
1996-11-01,0,53.1050510471687,8.90974881362676,NaN,NaN,NaN,2.08571330854389,15.7337843187096,NaN,NaN,NaN,NaN,NaN,NaN
1996-12-01,0,199.477380607277,26.005079514382,NaN,NaN,NaN,19.1810440092991,32.8291150194648,NaN,NaN,NaN,NaN,NaN,NaN
1997-01-01,2.2,33.7130366242491,0.0367719878530033,NaN,NaN,NaN,0,6.86080749293588,NaN,NaN,NaN,NaN,NaN,NaN
1997-02-01,1.9,28.026008309098,12.9313944099471,NaN,NaN,NaN,6.10735890486427,19.75542991503,NaN,NaN,NaN,NaN,NaN,NaN
1997-03-01,40.5,25.0426490383688,13.0138325991689,NaN,NaN,NaN,6.18979709408605,19.8378681042518,NaN,NaN,NaN,NaN,NaN,NaN
1997-04-01,58.6,39.0737922862172,1.41753981525216,NaN,NaN,NaN,0,8.24157532033503,NaN,NaN,NaN,NaN,NaN,NaN
1997-05-01,17.2,37.022781703854,20.0027965535669,NaN,NaN,NaN,13.178761048484,26.8268320586498,NaN,NaN,NaN,NaN,NaN,NaN
1997-06-01,93.6,113.518639700487,48.0429066377793,NaN,NaN,NaN,41.2188711326964,54.8669421428622,NaN,NaN,NaN,NaN,NaN,NaN
1997-07-01,142.1,200.782593805343,131.271341488366,NaN,NaN,NaN,124.447305983283,138.095376993449,NaN,NaN,NaN,NaN,NaN,NaN
1997-08-01,60.6,169.783403165638,114.059407059463,NaN,NaN,NaN,107.235371554381,120.883442564546,NaN,NaN,NaN,NaN,NaN,NaN
1997-09-01,17.9,254.017406143248,88.2733030676266,NaN,NaN,NaN,81.4492675625437,95.0973385727095,NaN,NaN,NaN,NaN,NaN,NaN
1997-10-01,68.5,26.9072332594078,30.7664150948108,NaN,NaN,NaN,23.9423795897279,37.5904505998937,NaN,NaN,NaN,NaN,NaN,NaN
1997-11-01,16.9,66.3438050542027,20.0546698143573,NaN,NaN,NaN,13.2306343092745,26.8787053194402,NaN,NaN,NaN,NaN,NaN,NaN
1997-12-01,0,120.138011989184,28.3131068937509,NaN,NaN,NaN,21.489071388668,35.1371423988338,NaN,NaN,NaN,NaN,NaN,NaN
1998-01-01,0,37.7685932326131,18.6712579684037,NaN,NaN,NaN,11.8472224633208,25.4952934734866,NaN,NaN,NaN,NaN,NaN,NaN
1998-02-01,1.6,2.20104221261863,2.56452327403969,NaN,NaN,NaN,0,9.38855877912256,NaN,NaN,NaN,NaN,NaN,NaN
1998-03-01,0,31.9882963376585,13.2218223820967,NaN,NaN,NaN,6.39778687701378,20.0458578871795,NaN,NaN,NaN,NaN,NaN,NaN
1998-04-01,0,42.3369620111771,13.2489988101941,NaN,NaN,NaN,6.42496330511127,20.073034315277,NaN,NaN,NaN,NaN,NaN,NaN
1998-05-01,7.6,3.08670047525084,17.1481629951399,NaN,NaN,NaN,10.324127490057,23.9721985002227,NaN,NaN,NaN,NaN,NaN,NaN
1998-06-01,139.8,7.65506748575717,118.238535312504,NaN,NaN,NaN,111.414499807422,125.062570817587,NaN,NaN,NaN,NaN,NaN,NaN
1998-07-01,100.6,273.782273288816,89.9065101750155,NaN,NaN,NaN,83.0824746699326,96.7305456800984,NaN,NaN,NaN,NaN,NaN,NaN
1998-08-01,240.2,224.276733119041,206.017283693157,NaN,NaN,NaN,199.193248188074,212.841319198239,NaN,NaN,NaN,NaN,NaN,NaN
1998-09-01,209.9,106.526296818629,143.019632951506,NaN,NaN,NaN,136.195597446423,149.843668456589,NaN,NaN,NaN,NaN,NaN,NaN
1998-10-01,134.3,74.1286479751579,104.47351255153,NaN,NaN,NaN,97.6494770464476,111.297548056613,NaN,NaN,NaN,NaN,NaN,NaN
1998-11-01,0,24.8561095213518,12.4032918096891,NaN,NaN,NaN,5.57925630460625,19.227327314772,NaN,NaN,NaN,NaN,NaN,NaN
1998-12-01,0,5.37094144237926,0,NaN,NaN,NaN,0,5.45366264773813,NaN,NaN,NaN,NaN,NaN,NaN
1999-01-01,0,17.2112272266531,17.9141348706835,NaN,NaN,NaN,11.0900993656006,24.7381703757664,NaN,NaN,NaN,NaN,NaN,NaN
1999-02-01,0,32.6875301543623,0.22332367036478,NaN,NaN,NaN,0,7.04735917544766,NaN,NaN,NaN,NaN,NaN,NaN
1999-03-01,2.4,34.7852316044737,16.905089852515,NaN,NaN,NaN,10.0810543474321,23.7291253575978,NaN,NaN,NaN,NaN,NaN,NaN
1999-04-01,3.8,1.87477118015522,8.35499065753368,NaN,NaN,NaN,1.53095515245081,15.1790261626166,NaN,NaN,NaN,NaN,NaN,NaN
1999-05-01,22.3,7.3287966006319,14.5009036481154,NaN,NaN,NaN,7.67686814303255,21.3249391531983,NaN,NaN,NaN,NaN,NaN,NaN
1999-06-01,146.4,154.679947067052,85.7835862326784,NaN,NaN,NaN,78.9595507275955,92.6076217377612,NaN,NaN,NaN,NaN,NaN,NaN
1999-07-01,87,350.138263776898,144.186188392317,NaN,NaN,NaN,137.362152887235,151.0102238974,NaN,NaN,NaN,NaN,NaN,NaN
1999-08-01,44,323.381091468036,72.2738973539512,NaN,NaN,NaN,65.4498618488684,79.0979328590341,NaN,NaN,NaN,NaN,NaN,NaN
1999-09-01,64.3,154.353672056459,113.534823878175,NaN,NaN,NaN,106.710788373092,120.358859383258,NaN,NaN,NaN,NaN,NaN,NaN
1999-10-01,3.6,87.9267918644473,23.6740451805914,NaN,NaN,NaN,16.8500096755085,30.4980806856743,NaN,NaN,NaN,NaN,NaN,NaN
1999-11-01,0,137.245785444975,28.052944004274,NaN,NaN,NaN,21.2289084991911,34.8769795093568,NaN,NaN,NaN,NaN,NaN,NaN
1999-12-01,2.2,21.9193256052677,28.1985687826194,NaN,NaN,NaN,21.3745332775365,35.0226042877022,NaN,NaN,NaN,NaN,NaN,NaN
2000-01-01,0,129.13478538394,24.4556519764221,NaN,NaN,NaN,17.6316164713392,31.279687481505,NaN,NaN,NaN,NaN,NaN,NaN
2000-02-01,0,2.15446464790148,12.4647255029729,NaN,NaN,NaN,5.64068999789002,19.2887610080558,NaN,NaN,NaN,NaN,NaN,NaN
2000-03-01,0,15.9526058851043,17.8320853659633,NaN,NaN,NaN,11.0080498608805,24.6561208710462,NaN,NaN,NaN,NaN,NaN,NaN
2000-04-01,0,44.9473554035649,5.02102407137162,NaN,NaN,NaN,0,11.8450595764545,NaN,NaN,NaN,NaN,NaN,NaN
2000-05-01,38.3,154.446940636262,26.0687377236195,NaN,NaN,NaN,19.2447022185366,32.8927732287023,NaN,NaN,NaN,NaN,NaN,NaN
2000-06-01,89.6,83.1719990819693,63.4387840065238,NaN,NaN,NaN,56.6147485014409,70.2628195116067,NaN,NaN,NaN,NaN,NaN,NaN
2000-07-01,119.4,339.929583482444,89.7988157508808,NaN,NaN,NaN,82.974780245798,96.6228512559637,NaN,NaN,NaN,NaN,NaN,NaN
2000-08-01,72.4,251.080619869754,144.511740450262,NaN,NaN,NaN,137.687704945179,151.335775955344,NaN,NaN,NaN,NaN,NaN,NaN
2000-09-01,95.7,194.163212087005,113.507383649742,NaN,NaN,NaN,106.683348144659,120.331419154825,NaN,NaN,NaN,NaN,NaN,NaN
2000-10-01,13.3,11.8037795182317,6.69600280480843,NaN,NaN,NaN,0,13.5200383098913,NaN,NaN,NaN,NaN,NaN,NaN
2000-11-01,0,7.00241079175612,3.93390911293632,NaN,NaN,NaN,0,10.7579446180192,NaN,NaN,NaN,NaN,NaN,NaN
2000-12-01,12,33.8063052040525,28.5880058505255,NaN,NaN,NaN,21.7639703454426,35.4120413556084,NaN,NaN,NaN,NaN,NaN,NaN
2001-01-01,0,108.251034747809,34.9940364929485,NaN,NaN,NaN,28.1700009878656,41.8180719980314,NaN,NaN,NaN,NaN,NaN,NaN
2001-02-01,0,53.0117777525447,16.8674141506986,NaN,NaN,NaN,10.0433786456157,23.6914496557814,NaN,NaN,NaN,NaN,NaN,NaN
2001-03-01,3.8,4.25216668736539,23.9003442901225,NaN,NaN,NaN,17.0763087850396,30.7243797952054,NaN,NaN,NaN,NaN,NaN,NaN
2001-04-01,5.9,1.59507756507082,13.4787956553222,NaN,NaN,NaN,6.65476015023936,20.3028311604051,NaN,NaN,NaN,NaN,NaN,NaN
2001-05-01,57.5,26.6741183877457,16.2783049423273,NaN,NaN,NaN,9.45426943724438,23.1023404474101,NaN,NaN,NaN,NaN,NaN,NaN
2001-06-01,165,259.518017526716,125.722350764537,NaN,NaN,NaN,118.898315259454,132.54638626962,NaN,NaN,NaN,NaN,NaN,NaN
2001-07-01,160.1,161.765549099073,206.971407633982,NaN,NaN,NaN,200.147372128899,213.795443139065,NaN,NaN,NaN,NaN,NaN,NaN
2001-08-01,258.3,262.967493385077,186.671286277853,NaN,NaN,NaN,179.84725077277,193.495321782936,NaN,NaN,NaN,NaN,NaN,NaN
2001-09-01,154.7,57.3004539473914,131.078461176673,NaN,NaN,NaN,124.25442567159,137.902496681756,NaN,NaN,NaN,NaN,NaN,NaN
2001-10-01,30.8,26.3011548668146,15.1413414154302,NaN,NaN,NaN,8.31730591034737,21.9653769205131,NaN,NaN,NaN,NaN,NaN,NaN
2001-11-01,11.9,25.9748845710419,15.9382026827203,NaN,NaN,NaN,9.11416717763741,22.7622381878032,NaN,NaN,NaN,NaN,NaN,NaN
2001-12-01,0,14.5075605396414,16.1069939880695,NaN,NaN,NaN,9.28295848298662,22.9310294931524,NaN,NaN,NaN,NaN,NaN,NaN
2002-01-01,38.7,30.6830972840544,13.2415415844274,NaN,NaN,NaN,6.41750607934448,20.0655770895102,NaN,NaN,NaN,NaN,NaN,NaN
2002-02-01,18.9,8.63399506488349,7.33217150168328,NaN,NaN,NaN,0.508135996600409,14.1562070067662,NaN,NaN,NaN,NaN,NaN,NaN
2002-03-01,0,30.3567114751786,12.9251686539442,NaN,NaN,NaN,6.10113314886133,19.7492041590271,NaN,NaN,NaN,NaN,NaN,NaN
2002-04-01,0,43.87515806593,6.6911744222212,NaN,NaN,NaN,0,13.5152099273041,NaN,NaN,NaN,NaN,NaN,NaN
2002-05-01,40.1,25.1824953302275,17.1626320605212,NaN,NaN,NaN,10.3385965554383,23.9866675656041,NaN,NaN,NaN,NaN,NaN,NaN
2002-06-01,75.2,407.148855272681,95.3929056875391,NaN,NaN,NaN,88.5688701824562,102.216941192622,NaN,NaN,NaN,NaN,NaN,NaN
2002-07-01,324,266.230545239523,173.696800928664,NaN,NaN,NaN,166.872765423581,180.520836433747,NaN,NaN,NaN,NaN,NaN,NaN
2002-08-01,159.1,155.425869394094,138.660611955579,NaN,NaN,NaN,131.836576450496,145.484647460661,NaN,NaN,NaN,NaN,NaN,NaN
2002-09-01,167.6,326.690706890076,183.964620812102,NaN,NaN,NaN,177.140585307019,190.788656317185,NaN,NaN,NaN,NaN,NaN,NaN
2002-10-01,51.7,23.3177955960855,27.8289306261975,NaN,NaN,NaN,21.0048951211146,34.6529661312804,NaN,NaN,NaN,NaN,NaN,NaN
2002-11-01,41.9,46.2992453249171,9.3751527464267,NaN,NaN,NaN,2.55111724134382,16.1991882515096,NaN,NaN,NaN,NaN,NaN,NaN
2002-12-01,0,10.4053118848242,6.15645592430469,NaN,NaN,NaN,0,12.9804914293876,NaN,NaN,NaN,NaN,NaN,NaN
2003-01-01,10.6,14.3677142477827,15.8973464039946,NaN,NaN,NaN,9.07331089891176,22.7213819090775,NaN,NaN,NaN,NaN,NaN,NaN
2003-02-01,1,77.8578164172359,40.6214175464291,NaN,NaN,NaN,33.7973820413462,47.445453051512,NaN,NaN,NaN,NaN,NaN,NaN
2003-03-01,0,14.9271005939227,15.8988095212063,NaN,NaN,NaN,9.07477401612345,22.7228450262892,NaN,NaN,NaN,NaN,NaN,NaN
2003-04-01,9,10.7316965149948,29.7407225836541,NaN,NaN,NaN,22.9166870785712,36.564758088737,NaN,NaN,NaN,NaN,NaN,NaN
2003-05-01,17.1,59.771005762741,17.3850448019379,NaN,NaN,NaN,10.561009296855,24.2090803070208,NaN,NaN,NaN,NaN,NaN,NaN
2003-06-01,209.3,59.304884460289,169.495502748162,NaN,NaN,NaN,162.671467243079,176.319538253245,NaN,NaN,NaN,NaN,NaN,NaN
2003-07-01,189.7,314.803852234036,138.421358424309,NaN,NaN,NaN,131.597322919226,145.245393929392,NaN,NaN,NaN,NaN,NaN,NaN
2003-08-01,170,203.299836488441,176.58339600218,NaN,NaN,NaN,169.759360497097,183.407431507262,NaN,NaN,NaN,NaN,NaN,NaN
2003-09-01,250.6,266.836625989527,88.2484735531698,NaN,NaN,NaN,81.424438048087,95.0725090582527,NaN,NaN,NaN,NaN,NaN,NaN
2003-10-01,67.3,130.812950315885,62.8087273390404,NaN,NaN,NaN,55.9846918339575,69.6327628441233,NaN,NaN,NaN,NaN,NaN,NaN
2003-11-01,6.1,21.3599404378328,0,NaN,NaN,NaN,0,5.65082786103281,NaN,NaN,NaN,NaN,NaN,NaN
2003-12-01,0,13.7616346764844,15.8951044046344,NaN,NaN,NaN,9.07106889955151,22.7191399097173,NaN,NaN,NaN,NaN,NaN,NaN
2004-01-01,44.7,27.4666207842529,60.71910300867,NaN,NaN,NaN,53.8950675035871,67.5431385137529,NaN,NaN,NaN,NaN,NaN,NaN
2004-02-01,1,61.4491659798659,26.1470116211213,NaN,NaN,NaN,19.3229761160384,32.9710471262041,NaN,NaN,NaN,NaN,NaN,NaN
2004-03-01,40.5,1.59507756507082,19.1111396198856,NaN,NaN,NaN,12.2871041148027,25.9351751249685,NaN,NaN,NaN,NaN,NaN,NaN
2004-04-01,0,23.0847938801162,3.36104594370206,NaN,NaN,NaN,0,10.1850814487849,NaN,NaN,NaN,NaN,NaN,NaN
2004-05-01,63.8,9.47307576279854,15.7671258462931,NaN,NaN,NaN,8.94309034121018,22.5911613513759,NaN,NaN,NaN,NaN,NaN,NaN
2004-06-01,269.3,168.6179372482,186.152576406197,NaN,NaN,NaN,179.328540901114,192.97661191128,NaN,NaN,NaN,NaN,NaN,NaN
2004-07-01,103.4,148.806497105397,143.85783956489,NaN,NaN,NaN,137.033804059808,150.681875069973,NaN,NaN,NaN,NaN,NaN,NaN
2004-08-01,221.8,275.0874676276,183.760980587434,NaN,NaN,NaN,176.936945082351,190.585016092517,NaN,NaN,NaN,NaN,NaN,NaN
2004-09-01,266.2,175.050894962624,186.013331704825,NaN,NaN,NaN,179.189296199742,192.837367209908,NaN,NaN,NaN,NaN,NaN,NaN
2004-10-01,13,30.8695212879684,13.1459594281485,NaN,NaN,NaN,6.32192392306566,19.9699949332314,NaN,NaN,NaN,NaN,NaN,NaN
2004-11-01,14.7,22.4787131301127,15.8950776884291,NaN,NaN,NaN,9.07104218334619,22.7191131935119,NaN,NaN,NaN,NaN,NaN,NaN
2004-12-01,15.2,22.9915229429025,7.19228697104398,NaN,NaN,NaN,0.368251465961109,14.0163224761269,NaN,NaN,NaN,NaN,NaN,NaN
2005-01-01,1.8,6.11675238178577,0,NaN,NaN,NaN,0,0,NaN,NaN,NaN,NaN,NaN,NaN
2005-02-01,23.8,4.01905063699814,21.5130051731552,NaN,NaN,NaN,14.6889696680724,28.3370406782381,NaN,NaN,NaN,NaN,NaN,NaN
2005-03-01,29.2,1.45523068385955,18.3725007629273,NaN,NaN,NaN,11.5484652578445,25.1965362680102,NaN,NaN,NaN,NaN,NaN,NaN
2005-04-01,0,21.5464775974397,15.8994689583508,NaN,NaN,NaN,9.07543345326788,22.7235044634336,NaN,NaN,NaN,NaN,NaN,NaN
2005-05-01,1.4,5.97690608992707,6.04602975664873,NaN,NaN,NaN,0,12.8700652617316,NaN,NaN,NaN,NaN,NaN,NaN
2005-06-01,4.2,213.50864879787,57.6368894556838,NaN,NaN,NaN,50.812853950601,64.4609249607667,NaN,NaN,NaN,NaN,NaN,NaN
2005-07-01,127.7,370.788913685828,78.990657723164,NaN,NaN,NaN,72.1666222180811,85.8146932282469,NaN,NaN,NaN,NaN,NaN,NaN
2005-08-01,134.2,345.057233702391,143.608807212072,NaN,NaN,NaN,136.784771706989,150.432842717154,NaN,NaN,NaN,NaN,NaN,NaN
2005-09-01,36.1,112.632866366766,69.8646412613966,NaN,NaN,NaN,63.0406057563137,76.6886767664795,NaN,NaN,NaN,NaN,NaN,NaN
2005-10-01,2.8,10.0324626982911,37.3418395087274,NaN,NaN,NaN,30.5178040036445,44.1658750138103,NaN,NaN,NaN,NaN,NaN,NaN
2005-11-01,0,17.537498701131,8.00461889076335,NaN,NaN,NaN,1.18058338568047,14.8286543958462,NaN,NaN,NaN,NaN,NaN,NaN
2005-12-01,0,9.37980659364257,2.328935735588,NaN,NaN,NaN,0,9.15297124067087,NaN,NaN,NaN,NaN,NaN,NaN
