15/04/2004,730.5,0,0.0006,195.1,194.9,200.2,190.7,189.7,214.6,188.2,192.7,158.8,198.2
15/05/2004,1461,1.56,0.3745,198.8,204,204.1,201.8,191.6,222.6,207.5,213.2,163.5,204.8
15/06/2004,2191.5,5.82,6.5015,149.9,156.7,168.6,159.3,149.1,155,173.6,158.5,134.6,146.5
15/07/2004,2922,3.52,6.3239,174.3,160.1,188.9,175.2,171.7,171.6,178.1,169.8,149.5,166.7
15/08/2004,3652.5,7.81,7.1078,166.2,156.9,183.1,171.9,165.2,180.7,168.4,173.1,135.9,160.8
15/09/2004,4383,15.76,21.9906,139.9,134.2,154.4,134.1,140.9,146.5,153.5,144.2,114.1,137.4
15/10/2004,5113.5,28.98,12.1026,144.3,124.8,152.2,132.7,151.5,151.3,151.9,147.2,120.2,140.2
15/11/2004,5844,1.56,5.8388,137.4,120.6,148.3,131.5,139.4,155.6,140.8,140.7,116.5,142.5
15/12/2004,6574.5,1.08,3.1236,118.2,109.2,137.2,117.7,116.5,126.5,112.2,126.4,96.5,123.4
15/01/2005,7305,0,1.6047,131,132.8,141.6,127.8,133.8,141.7,121.1,140.5,111.8,133.4
15/02/2005,8035.5,1.26,1.1253,126.9,139.4,132.2,122.8,124.8,137.1,123.4,141.6,111.8,129.5
15/03/2005,8766,1.11,0.6909,175.2,187.4,190.7,168.7,175,195.3,173.3,172.2,145.4,185.3
15/04/2005,9496.5,0.99,0.3873,211.7,220.6,212.7,204.4,209.9,229.3,209.3,212.1,179.9,214.7
15/05/2005,10227,0.08,0.2416,226.2,228.7,219.9,218.3,214.8,233.8,200.5,224.8,180.6,223.2
15/06/2005,10957.5,0,0.2933,214.2,225.9,207.3,210,198,236.8,191.6,217.6,172.3,214.4
15/07/2005,11688,3.53,2.149,174.2,172.3,195.3,168,171.9,187.4,168.3,180.9,144.7,172
15/08/2005,12418.5,3.31,3.039,155,152.3,170.5,148.6,151.1,188,153.1,152.5,123.9,151.6
15/09/2005,13149,5.24,1.8796,156.2,155.3,165.5,143.3,161.4,180.3,153.2,146.7,165.2,153.5
15/10/2005,13879.5,1.72,1.146,159.8,156.5,162.1,139.6,164,158.6,152.6,148.2,123.1,159.8
15/11/2005,14610,1.34,0.5427,142.3,146.6,149.6,130.5,146.1,155.2,135.2,133.8,113.5,147.1
15/12/2005,15340.5,0.8,0.2952,127,141.2,142.6,126.7,131.2,143.9,127.7,123.6,112.2,138.9
15/01/2006,16071,1.4,0.2442,136,147.9,153.1,135.5,136.8,152.3,133.7,131.2,117.1,146.6
15/02/2006,16801.5,0.72,0.1449,146.3,152.4,150.6,141.1,152.5,163.6,135.9,146.1,131.4,152.4
15/03/2006,17532,0,0.1065,194.6,195.8,194.1,181.4,192.4,210.5,179.1,192.2,163.6,195.8
15/04/2006,18262.5,0,0.0834,217.5,223.6,214.5,208.5,214.3,230.6,199.8,215.4,184.9,218.5
15/05/2006,18993,1.64,0.612,209.8,210.4,211.8,203.7,201.8,220.2,193,207.1,174.6,204.7
15/06/2006,19723.5,1,0.4227,189.1,184.3,211.8,180.4,186.6,202.2,172,186.2,153.8,187.4
15/07/2006,20454,1.85,1.7531,174.4,176,182.3,162.6,168.4,179.3,170.8,172.2,140.4,174.1
15/08/2006,21184.5,9.25,5.5302,148.7,156.4,178.7,153.2,150.7,155.1,141.4,157.4,130.3,146.6
15/09/2006,21915,5.5,4.4286,137.4,147.9,150.4,141.7,148.5,149.8,131.8,146.1,117,140.6
15/10/2006,22645.5,7.05,3.8826,133.3,141.5,146.8,129,143.9,139.5,119.2,139.2,113.4,132.3
15/11/2006,23376,1.01,1.8032,121.3,135.5,136.8,111,133.6,135.9,105.5,128.4,107.5,128.6
15/12/2006,24106.5,0,1.0616,111,132.8,133.6,114.6,124.7,128.1,98.9,120.6,96.4,126
15/01/2007,24837,0,0.79,106.5,128.2,132.5,118.6,117.1,123.4,97.4,119.9,100.5,123.2
15/02/2007,25567.5,0,0.4909,130.9,144.9,146,117.7,140.4,147.3,124.1,137,112.5,138.7
15/03/2007,26298,0,0.2767,183.1,185.3,189.8,180,184.2,204.8,175,189,157,184.4
15/04/2007,27028.5,0,0.186,192.2,191.3,197.2,198.4,193.1,215.9,184.1,198.9,168.2,196.8
15/05/2007,27759,0,0.151,215.7,211.4,201.2,231.8,211.8,232.2,199.4,217.6,176,218
15/06/2007,28489.5,4.8,5.0146,180.6,161.1,180.9,190.3,175.9,184.6,161.7,184.9,152.1,171.8
15/07/2007,29220,18.74,13.8127,161.4,139.8,175.5,177,163,158.9,143.6,170.1,139.3,149.5
15/08/2007,29950.5,13.27,11.4611,164.4,150.3,173.6,174.2,164.4,163.1,138.6,162.4,121.3,154.3
15/09/2007,30681,8.63,9.702,149.8,140.2,162.1,154.9,154.2,160.6,125.1,157.3,118.2,144
15/10/2007,31411.5,1.25,4.6454,146.8,147,163.8,144,156.9,157.9,122.6,150.1,120.2,146.5
15/11/2007,32142,0.75,2.467,138.9,136.5,150,143,144.2,151,110.4,138.4,114.5,136.5
15/12/2007,32872.5,0.72,1.304,129.5,134.6,150.7,138.2,136.1,155,109.7,140.3,119.6,137.4
15/01/2008,33603,0,0.8509,130.8,136.6,153,140,135,149.2,110.9,136.9,113.6,138.7
15/02/2008,34333.5,0.96,0.4889,152.8,149.5,162.7,158.1,153.9,174.2,134.6,157.1,135.1,158.1
15/03/2008,35064,0.44,0.2984,187.2,177.2,188.6,186.6,181.6,205.4,158.2,187.3,153.8,188.9
